participant.id_in_session,participant.code,participant.label,participant._is_bot,participant._index_in_pages,participant._max_page_index,participant._current_app_name,participant._current_page_name,participant.time_started_utc,participant.visited,participant.mturk_worker_id,participant.mturk_assignment_id,participant.payoff,player.id_in_group,player.role,player.payoff,player.pid,player.is_coop,player.action,player.partner_action,player.rt,player.is_dropout,player.condition,group.id_in_subsession,group.has_dropout,group.is_ready,subsession.round_number,session.code,session.label,session.mturk_HITId,session.mturk_HITGroupId,session.comment,session.is_demo
1,sbwnwmpl,63c515f70542e2ff1937031b,0,2,29,Consent_general,GeneralIntroPage,2024-03-20 15:12:37.645191,1,,,0.0,1,,0.0,,,Not yet,Not yet,,0,ST,1,0,0,1,slvfalvu,,,,,0
2,m64jgstt,65b26bbe1d5dfa901eeb87c3,0,29,29,Thanks,MyPage,2024-03-20 15:15:56.657892,1,,,50.0,1,,50.0,,1,Invest,Keep,5.885,0,ST,2,0,1,1,slvfalvu,,,,,0
3,x8kwfjhx,6578810e89bb72246d6e92e8,0,29,29,Thanks,MyPage,2024-03-20 15:16:29.595174,1,,,200.0,2,,200.0,,0,Keep,Invest,2.515,0,ST,2,0,1,1,slvfalvu,,,,,0
4,g5li7med,645906dc264ac9eb66b7f3ec,0,4,29,Intro_ST,GameIntroPage,2024-03-20 15:17:38.963615,1,,,0.0,4,,0.0,,,Not yet,Not yet,,0,ST,1,0,0,1,slvfalvu,,,,,0
5,hq6q6pg7,5fecd134b890b19cd8336b78,0,6,29,Intro_ST,TestPage,2024-03-20 15:18:15.093129,1,,,0.0,5,,0.0,,,Not yet,Not yet,,0,ST,1,0,0,1,slvfalvu,,,,,0
6,ysz3qwz4,1JgEO773d260l59LD9695O67,0,1,29,Consent_general,ConsentPage,2024-03-20 15:18:17.842795,1,,,0.0,6,,0.0,,,Not yet,Not yet,,0,ST,1,0,0,1,slvfalvu,,,,,0
7,ayky62qm,63d2d90dab88cd046129d697,0,29,29,Thanks,MyPage,2024-03-20 15:18:19.450135,1,,,150.0,1,,150.0,,1,Invest,Invest,2.962,0,ST,4,0,1,1,slvfalvu,,,,,0
8,lf0zvcrb,652ec2998754cc5da66b63f2,0,29,29,Thanks,MyPage,2024-03-20 15:18:33.100818,1,,,50.0,1,,50.0,,1,Invest,Keep,3.389,0,ST,20,0,1,1,slvfalvu,,,,,0
9,l4u1s077,138EO7731260lZ9LD96n56S7,0,1,29,Consent_general,ConsentPage,2024-03-20 15:18:34.218212,1,,,0.0,9,,0.0,,,Not yet,Not yet,,0,ST,1,0,0,1,slvfalvu,,,,,0
10,pfedph4u,63d181019036d598f33bfe33,0,29,29,Thanks,MyPage,2024-03-20 15:18:53.739162,1,,,50.0,1,,50.0,,1,Invest,Keep,2.08,0,ST,3,0,1,1,slvfalvu,,,,,0
11,vp3mblvd,641724c665e2974bb1dec659,0,22,29,svo,Decide,2024-03-20 15:18:54.053436,1,,,100.0,1,,100.0,,0,Keep,Keep,1.87,0,ST,6,0,1,1,slvfalvu,,,,,0
12,3i9pv8fl,6547a05ca3b182bd3f2d9af8,0,29,29,Thanks,MyPage,2024-03-20 15:19:03.625835,1,,,150.0,2,,150.0,,1,Invest,Invest,3.173,0,ST,4,0,1,1,slvfalvu,,,,,0
13,b58w0ays,656e7a6cc1ef92f28a2c28ae,0,29,29,Thanks,MyPage,2024-03-20 15:19:34.253118,1,,,150.0,1,,150.0,,1,Invest,Invest,3.26,0,ST,25,0,1,1,slvfalvu,,,,,0
14,wl3pciy2,5c74e7e9c3fe130001e86cc8,0,29,29,Thanks,MyPage,2024-03-20 15:20:02.182382,1,,,100.0,2,,100.0,,0,Keep,Keep,25.147,0,ST,6,0,1,1,slvfalvu,,,,,0
15,lup8iyin,6466713f69508331b82d5040,0,29,29,Thanks,MyPage,2024-03-20 15:20:28.839266,1,,,200.0,1,,200.0,,0,Keep,Invest,6.344,0,ST,44,0,1,1,slvfalvu,,,,,0
16,x5vc8moj,5685850c333cbd000d4e042f,0,29,29,Thanks,MyPage,2024-03-20 15:20:43.447914,1,,,150.0,1,,150.0,,1,Invest,Invest,0.988,0,ST,9,0,1,1,slvfalvu,,,,,0
17,wql7dos4,5cbe00898f939c0017c0b9d8,0,29,29,Thanks,MyPage,2024-03-20 15:20:47.832205,1,,,150.0,2,,150.0,,1,Invest,Invest,1.289,0,ST,9,0,1,1,slvfalvu,,,,,0
18,14x8kpbi,65ef1b4257164ebb8e1db886,0,29,29,Thanks,MyPage,2024-03-20 15:20:49.397460,1,,,200.0,1,,200.0,,0,Keep,Invest,1.398,0,ST,8,0,1,1,slvfalvu,,,,,0
19,p5fryqxk,614f22dfa54d9361b45c3052,0,29,29,Thanks,MyPage,2024-03-20 15:20:49.690951,1,,,150.0,1,,150.0,,1,Invest,Invest,1.25,0,ST,26,0,1,1,slvfalvu,,,,,0
20,oo64yy28,592f1db78ad1ae0001937983,0,29,29,Thanks,MyPage,2024-03-20 15:20:49.763325,1,,,50.0,2,,50.0,,1,Invest,Keep,6.046,0,ST,8,0,1,1,slvfalvu,,,,,0
21,vuhsk4pz,6287a8c4a6303ff156cd0853,0,29,29,Thanks,MyPage,2024-03-20 15:20:51.495426,1,,,50.0,1,,50.0,,1,Invest,Keep,4.987,0,ST,22,0,1,1,slvfalvu,,,,,0
22,viylrbwi,5d88db42c1d06e001a1fdcab,0,29,29,Thanks,MyPage,2024-03-20 15:20:51.580942,1,,,100.0,1,,100.0,,0,Keep,Keep,3.381,0,ST,16,0,1,1,slvfalvu,,,,,0
23,ddsecusg,5bf311373a5bf00001401f64,0,29,29,Thanks,MyPage,2024-03-20 15:20:53.626497,1,,,50.0,1,,50.0,,1,Invest,Keep,53.599,0,ST,21,0,1,1,slvfalvu,,,,,0
24,mok2z1t9,63d1b0363f9bd5a6062dfb1c,0,29,29,Thanks,MyPage,2024-03-20 15:20:55.715121,1,,,200.0,1,,200.0,,0,Keep,Invest,3.356,0,ST,43,0,1,1,slvfalvu,,,,,0
25,2yzz7cn3,6159d4026fd4e22c9f1179c1,0,29,29,Thanks,MyPage,2024-03-20 15:20:57.784327,1,,,50.0,1,,50.0,,1,Invest,Keep,1.724,0,ST,11,0,1,1,slvfalvu,,,,,0
26,i6crb9mh,65edbf1bf8c56b00f9285258,0,29,29,Thanks,MyPage,2024-03-20 15:20:59.416820,1,,,50.0,1,,50.0,,1,Invest,Keep,6.191,0,ST,17,0,1,1,slvfalvu,,,,,0
27,4agu4nqw,63d4019999c9ab839156014c,0,29,29,Thanks,MyPage,2024-03-20 15:20:59.756994,1,,,200.0,2,,200.0,,0,Keep,Invest,3.411,0,ST,3,0,1,1,slvfalvu,,,,,0
28,uuo80fq3,55ca03e1fdf99b2735fc1dde,0,29,29,Thanks,MyPage,2024-03-20 15:21:00.589046,1,,,50.0,1,,50.0,,1,Invest,Keep,1.715,0,ST,5,0,1,1,slvfalvu,,,,,0
29,24iqt3mo,6129cc7a565c9c03752802fa,0,29,29,Thanks,MyPage,2024-03-20 15:21:01.318482,1,,,50.0,1,,50.0,,1,Invest,Keep,1.722,0,ST,37,0,1,1,slvfalvu,,,,,0
30,u7ozpr6i,56b8de29e1d0a200051517f8,0,29,29,Thanks,MyPage,2024-03-20 15:21:03.139349,1,,,150.0,1,,150.0,,1,Invest,Invest,3.579,0,ST,18,0,1,1,slvfalvu,,,,,0
31,85fbzx9f,6584461360db3318b8baee08,0,29,29,Thanks,MyPage,2024-03-20 15:21:03.679844,1,,,50.0,1,,50.0,,1,Invest,Keep,3.934,0,ST,7,0,1,1,slvfalvu,,,,,0
32,45acd0hi,56f9364e895094000c8f4967,0,29,29,Thanks,MyPage,2024-03-20 15:21:04.727325,1,,,100.0,1,,100.0,,0,Keep,Keep,11.918,0,ST,12,0,1,1,slvfalvu,,,,,0
33,xd4axacw,603d6ae665fbaacb5621ede2,0,29,29,Thanks,MyPage,2024-03-20 15:21:06.062789,1,,,150.0,1,,150.0,,1,Invest,Invest,6.036,0,ST,28,0,1,1,slvfalvu,,,,,0
34,bazs59tg,5d9be6d4d6e5640016b915df,0,29,29,Thanks,MyPage,2024-03-20 15:21:08.392576,1,,,150.0,2,,150.0,,1,Invest,Invest,2.095,0,ST,18,0,1,1,slvfalvu,,,,,0
35,noen80js,5ac5a9a9f69e940001d984b5,0,29,29,Thanks,MyPage,2024-03-20 15:21:08.474781,1,,,50.0,1,,50.0,,1,Invest,Keep,1.839,0,ST,14,0,1,1,slvfalvu,,,,,0
36,d9cuy7kn,55d35935da14d7001295326b,0,29,29,Thanks,MyPage,2024-03-20 15:21:08.689041,1,,,200.0,1,,200.0,,0,Keep,Invest,1.421,0,ST,19,0,1,1,slvfalvu,,,,,0
37,90aa45mg,5f7514ff19c40e188cc4f70c,0,29,29,Thanks,MyPage,2024-03-20 15:21:12.459415,1,,,50.0,1,,50.0,,1,Invest,Keep,2.996,0,ST,36,0,1,1,slvfalvu,,,,,0
38,nqjoiyps,596a4e2c2dcbae0001d961d2,0,29,29,Thanks,MyPage,2024-03-20 15:21:13.079068,1,,,100.0,1,,100.0,,0,Keep,Keep,4.371,0,ST,10,0,1,1,slvfalvu,,,,,0
39,gcvst1sk,5a47b7be2f91ec0001dcbfee,0,29,29,Thanks,MyPage,2024-03-20 15:21:13.093261,1,,,200.0,2,,200.0,,0,Keep,Invest,1.748,0,ST,21,0,1,1,slvfalvu,,,,,0
40,7p4x0yb6,6441a0b968ccfb017694a842,0,29,29,Thanks,MyPage,2024-03-20 15:21:13.330409,1,,,200.0,2,,200.0,,0,Keep,Invest,1.471,0,ST,5,0,1,1,slvfalvu,,,,,0
41,6ou6lh9g,60bd28cc95ab27d4f4f6ada3,0,29,29,Thanks,MyPage,2024-03-20 15:21:13.571520,1,,,150.0,1,,150.0,,1,Invest,Invest,4.935,0,ST,24,0,1,1,slvfalvu,,,,,0
42,yyeh3h26,65c17f809c893363dae6bc4a,0,29,29,Thanks,MyPage,2024-03-20 15:21:13.960994,1,,,100.0,2,,100.0,,0,Keep,Keep,1.558,0,ST,10,0,1,1,slvfalvu,,,,,0
43,xhe7waou,5c830a66d6a4d0000164097d,0,29,29,Thanks,MyPage,2024-03-20 15:21:14.564815,1,,,200.0,1,,200.0,,0,Keep,Invest,6.093,0,ST,32,0,1,1,slvfalvu,,,,,0
44,t7jmhpip,65675fc41f976fff5dcee21e,0,6,29,Intro_ST,TestPage,2024-03-20 15:21:16.417306,1,,,0.0,44,,0.0,,,Not yet,Not yet,,0,ST,1,0,0,1,slvfalvu,,,,,0
45,mlpzo8sk,654455ad0b76675379c66db4,0,29,29,Thanks,MyPage,2024-03-20 15:21:16.832403,1,,,200.0,1,,200.0,,0,Keep,Invest,2.283,0,ST,30,0,1,1,slvfalvu,,,,,0
46,tfo7la26,65f7145087c460056a1a80da,0,29,29,Thanks,MyPage,2024-03-20 15:21:16.895842,1,,,100.0,1,,100.0,,0,Keep,Keep,2.55,0,ST,27,0,1,1,slvfalvu,,,,,0
47,xuqkg39m,5dd9f0e719eecb97dfab7b48,0,29,29,Thanks,MyPage,2024-03-20 15:21:17.227468,1,,,100.0,2,,100.0,,0,Keep,Keep,2.135,0,ST,16,0,1,1,slvfalvu,,,,,0
48,jptf5jgl,63f3727c6e41f63c9b2a6f1f,0,4,29,Intro_ST,GameIntroPage,2024-03-20 15:21:17.450889,1,,,0.0,48,,0.0,,,Not yet,Not yet,,0,ST,1,0,0,1,slvfalvu,,,,,0
49,crr2m7bc,546e3778fdf99b2bc7ebcff6,0,29,29,Thanks,MyPage,2024-03-20 15:21:18.861358,1,,,200.0,1,,200.0,,0,Keep,Invest,3.157,0,ST,42,0,1,1,slvfalvu,,,,,0
50,xdrs4s5q,65d0c7b16a2da5193f3f3201,0,29,29,Thanks,MyPage,2024-03-20 15:21:19.560779,1,,,150.0,2,,150.0,,1,Invest,Invest,2.179,0,ST,24,0,1,1,slvfalvu,,,,,0
51,2iapla3r,62e097c92160176b0b9c2619,0,29,29,Thanks,MyPage,2024-03-20 15:21:20.175591,1,,,150.0,2,,150.0,,1,Invest,Invest,2.407,0,ST,25,0,1,1,slvfalvu,,,,,0
52,xvkqbho3,65675bf1cebf57f45586d9a2,0,4,29,Intro_ST,GameIntroPage,2024-03-20 15:21:20.550194,1,,,0.0,52,,0.0,,,Not yet,Not yet,,0,ST,1,0,0,1,slvfalvu,,,,,0
53,sesv4uh2,657322bd0c81d1e8853d38e8,0,29,29,Thanks,MyPage,2024-03-20 15:21:21.849756,1,,,50.0,1,,50.0,,1,Invest,Keep,3.764,0,ST,33,0,1,1,slvfalvu,,,,,0
54,tfkgmsn9,65df67249b9a26deefa58d75,0,29,29,Thanks,MyPage,2024-03-20 15:21:22.132832,1,,,100.0,1,,100.0,,0,Keep,Keep,5.417,0,ST,13,0,1,1,slvfalvu,,,,,0
55,1txc79jq,60da18dba560960ea60a8fe5,0,29,29,Thanks,MyPage,2024-03-20 15:21:23.097283,1,,,50.0,1,,50.0,,1,Invest,Keep,1.267,0,ST,15,0,1,1,slvfalvu,,,,,0
56,uql7b8s8,5f467b0a0d1aef037515c8c9,0,29,29,Thanks,MyPage,2024-03-20 15:21:23.249954,1,,,50.0,2,,50.0,,1,Invest,Keep,2.528,0,ST,32,0,1,1,slvfalvu,,,,,0
57,ctxuvnus,5ddd2a4459b1b0c7509c7a47,0,16,29,not_completed,MyPage,2024-03-20 15:21:25.760477,1,,,0.0,1,,0.0,,,Not yet,Not yet,,0,ST,45,1,0,1,slvfalvu,,,,,0
58,7tfbyvhj,5c58fdd6fa9e940001080c18,0,29,29,Thanks,MyPage,2024-03-20 15:21:26.388998,1,,,200.0,2,,200.0,,0,Keep,Invest,3.362,0,ST,36,0,1,1,slvfalvu,,,,,0
59,bpu9ih4v,5698f2a7b0e165000c0158cd,0,29,29,Thanks,MyPage,2024-03-20 15:21:27.137831,1,,,200.0,2,,200.0,,0,Keep,Invest,1.663,0,ST,7,0,1,1,slvfalvu,,,,,0
60,leyulr27,5dbf11701429823ba384bd3c,0,29,29,Thanks,MyPage,2024-03-20 15:21:27.621548,1,,,150.0,1,,150.0,,1,Invest,Invest,2.218,0,ST,29,0,1,1,slvfalvu,,,,,0
61,c8rtqr5a,650d9240b7f9fcecaf1f9656,0,5,29,Intro_ST,DemoPage,2024-03-20 15:21:28.236830,1,,,0.0,61,,0.0,,,Not yet,Not yet,,0,ST,1,0,0,1,slvfalvu,,,,,0
62,qxjvwxwc,5dcf6d762e4a050ac2cba07d,0,6,29,Intro_ST,TestPage,2024-03-20 15:21:28.318728,1,,,0.0,62,,0.0,,,Not yet,Not yet,,0,ST,1,0,0,1,slvfalvu,,,,,0
63,m867xxow,5cd6c1197b871a0001b13589,0,29,29,Thanks,MyPage,2024-03-20 15:21:29.192402,1,,,100.0,2,,100.0,,0,Keep,Keep,2.069,0,ST,27,0,1,1,slvfalvu,,,,,0
64,n5gzyyay,647621dbfc364c3b8c75f627,0,29,29,Thanks,MyPage,2024-03-20 15:21:30.153736,1,,,200.0,2,,200.0,,0,Keep,Invest,6.521,0,ST,15,0,1,1,slvfalvu,,,,,0
65,zgfrunak,5fd67cce91f9895969c0edee,0,29,29,Thanks,MyPage,2024-03-20 15:21:30.735833,1,,,100.0,2,,100.0,,0,Keep,Keep,1.803,0,ST,12,0,1,1,slvfalvu,,,,,0
66,obu3b557,594ec90eca6e670001b2c184,0,29,29,Thanks,MyPage,2024-03-20 15:21:30.728941,1,,,100.0,2,,100.0,,0,Keep,Keep,2.941,0,ST,13,0,1,1,slvfalvu,,,,,0
67,3tweuy3w,650c4b13c66716e1de2d75cf,0,29,29,Thanks,MyPage,2024-03-20 15:21:30.752258,1,,,200.0,2,,200.0,,0,Keep,Invest,9.956,0,ST,11,0,1,1,slvfalvu,,,,,0
68,1g5pv8k9,5f7529755aaa0e1a6e804640,0,29,29,Thanks,MyPage,2024-03-20 15:21:31.602790,1,,,150.0,1,,150.0,,1,Invest,Invest,1.333,0,ST,41,0,1,1,slvfalvu,,,,,0
69,zv1cq2n3,5fbb89e20ddd50a66ab62a67,0,29,29,Thanks,MyPage,2024-03-20 15:21:34.472447,1,,,50.0,2,,50.0,,1,Invest,Keep,1.003,0,ST,19,0,1,1,slvfalvu,,,,,0
70,xmxsnfd6,63e5257dc5aceb22cee2ddf1,0,29,29,Thanks,MyPage,2024-03-20 15:21:34.944638,1,,,150.0,1,,150.0,,1,Invest,Invest,7.764,0,ST,40,0,1,1,slvfalvu,,,,,0
71,e7fqdzlq,65707e9db593e1e6c2e7b416,0,29,29,Thanks,MyPage,2024-03-20 15:21:36.812544,1,,,200.0,2,,200.0,,0,Keep,Invest,7.275,0,ST,17,0,1,1,slvfalvu,,,,,0
72,r1o4dldh,63bc819194ca25a555eb8fb5,0,29,29,Thanks,MyPage,2024-03-20 15:21:36.967875,1,,,50.0,1,,50.0,,1,Invest,Keep,2.171,0,ST,23,0,1,1,slvfalvu,,,,,0
73,4zq1qbvl,62959d1553cc14e98f4b8d78,0,29,29,Thanks,MyPage,2024-03-20 15:21:37.382995,1,,,200.0,2,,200.0,,0,Keep,Invest,1.802,0,ST,14,0,1,1,slvfalvu,,,,,0
74,kvcxt3w0,60b348a8332d26d4b88be6a1,0,29,29,Thanks,MyPage,2024-03-20 15:21:38.210219,1,,,50.0,1,,50.0,,1,Invest,Keep,17.357,0,ST,46,0,1,1,slvfalvu,,,,,0
75,0r9axio4,63c949f6ecb7d04be0d9c8a8,0,29,29,Thanks,MyPage,2024-03-20 15:21:40.808417,1,,,200.0,1,,200.0,,0,Keep,Invest,2.903,0,ST,47,0,1,1,slvfalvu,,,,,0
76,enxmkqhn,5fd7782dee03dc08d3f3f491,0,29,29,Thanks,MyPage,2024-03-20 15:21:45.020811,1,,,200.0,2,,200.0,,0,Keep,Invest,2.26,0,ST,22,0,1,1,slvfalvu,,,,,0
77,3a3b07zu,6266a599c7361af8b51a95e0,0,6,29,Intro_ST,TestPage,2024-03-20 15:21:50.561328,1,,,0.0,77,,0.0,,,Not yet,Not yet,,0,ST,1,0,0,1,slvfalvu,,,,,0
78,kg3q2roq,5f5452df72345118f58d187b,0,29,29,Thanks,MyPage,2024-03-20 15:21:51.259096,1,,,150.0,1,,150.0,,1,Invest,Invest,48.751,0,ST,31,0,1,1,slvfalvu,,,,,0
79,mqqwjvl6,559c3e07fdf99b32b55f2d8d,0,2,29,Consent_general,GeneralIntroPage,2024-03-20 15:21:52.389796,1,,,0.0,79,,0.0,,,Not yet,Not yet,,0,ST,1,0,0,1,slvfalvu,,,,,0
80,o4csjg41,5fde4bdb99e7cf5b87787664,0,6,29,Intro_ST,TestPage,2024-03-20 15:21:53.238755,1,,,0.0,80,,0.0,,,Not yet,Not yet,,0,ST,1,0,0,1,slvfalvu,,,,,0
81,4yzsetej,5eb5f6d5e38e9f4e6c8dde3f,0,29,29,Thanks,MyPage,2024-03-20 15:21:55.265353,1,,,150.0,2,,150.0,,1,Invest,Invest,2.204,0,ST,31,0,1,1,slvfalvu,,,,,0
82,y1k6djbn,637d66726deca3adc9d0081c,0,4,29,Intro_ST,GameIntroPage,2024-03-20 15:22:00.207648,1,,,0.0,82,,0.0,,,Not yet,Not yet,,0,ST,1,0,0,1,slvfalvu,,,,,0
83,ax9vmqda,5fb7dd473afbb1033b491811,0,29,29,Thanks,MyPage,2024-03-20 15:22:13.894853,1,,,150.0,2,,150.0,,1,Invest,Invest,50.355,0,ST,29,0,1,1,slvfalvu,,,,,0
84,v4bl1a2y,65819ebb9baf5002d202f320,0,29,29,Thanks,MyPage,2024-03-20 15:22:15.771083,1,,,150.0,2,,150.0,,1,Invest,Invest,16.062,0,ST,41,0,1,1,slvfalvu,,,,,0
85,o4hrvxlj,63312f0451ba56e5a520eb62,0,4,29,Intro_ST,GameIntroPage,2024-03-20 15:22:29.397380,1,,,0.0,85,,0.0,,,Not yet,Not yet,,0,ST,1,0,0,1,slvfalvu,,,,,0
86,xc2lcfae,572d05c688902e00091e4a2c,0,29,29,Thanks,MyPage,2024-03-20 15:22:58.131026,1,,,150.0,2,,150.0,,1,Invest,Invest,1.243,0,ST,28,0,1,1,slvfalvu,,,,,0
87,55amia1f,63bed6e176fba857a47fbaff,0,6,29,Intro_ST,TestPage,2024-03-20 15:22:58.533058,1,,,0.0,87,,0.0,,,Not yet,Not yet,,0,ST,1,0,0,1,slvfalvu,,,,,0
88,sjjpj6jb,55bc1119fdf99b5693f3ec47,0,29,29,Thanks,MyPage,2024-03-20 15:23:00.313809,1,,,200.0,2,,200.0,,0,Keep,Invest,1.801,0,ST,23,0,1,1,slvfalvu,,,,,0
89,7zge4ebs,65f45946f2b97b9d40761ce1,0,29,29,Thanks,MyPage,2024-03-20 15:23:09.345003,1,,,200.0,2,,200.0,,0,Keep,Invest,3.731,0,ST,20,0,1,1,slvfalvu,,,,,0
90,yxuw4ikb,5ec00f62cf12be40ea6fe344,0,29,29,Thanks,MyPage,2024-03-20 15:23:10.154677,1,,,150.0,2,,150.0,,1,Invest,Invest,0.804,0,ST,26,0,1,1,slvfalvu,,,,,0
91,py63kb6s,62bb42e2f21cfdb280cc975f,0,29,29,Thanks,MyPage,2024-03-20 15:23:35.557773,1,,,200.0,1,,200.0,,0,Keep,Invest,4.904,0,ST,39,0,1,1,slvfalvu,,,,,0
92,gc3n0mwt,57210674951c9b0011d3eaaa,0,29,29,Thanks,MyPage,2024-03-20 15:23:54.146325,1,,,150.0,1,,150.0,,1,Invest,Invest,2.422,0,ST,35,0,1,1,slvfalvu,,,,,0
93,tuicrf2r,5db4f0b63e33f2000dd54016,0,29,29,Thanks,MyPage,2024-03-20 15:24:14.010961,1,,,50.0,2,,50.0,,1,Invest,Keep,11.377,0,ST,43,0,1,1,slvfalvu,,,,,0
94,vjjuhbs9,5c78b032419dcc0014119082,0,29,29,Thanks,MyPage,2024-03-20 15:24:35.657896,1,,,150.0,1,,150.0,,1,Invest,Invest,1.043,0,ST,34,0,1,1,slvfalvu,,,,,0
95,frqrkc64,657dd22938e31904b66ca3b4,0,29,29,Thanks,MyPage,2024-03-20 15:25:32.985801,1,,,50.0,2,,50.0,,1,Invest,Keep,55.82,0,ST,30,0,1,1,slvfalvu,,,,,0
96,3kh9w5mk,62a099bb01ad779df1971ea4,0,29,29,Thanks,MyPage,2024-03-20 15:26:07.278182,1,,,150.0,2,,150.0,,1,Invest,Invest,5.186,0,ST,34,0,1,1,slvfalvu,,,,,0
97,n40q5s3p,64e970e4337e163e71677537,0,29,29,Thanks,MyPage,2024-03-20 15:26:32.504404,1,,,200.0,1,,200.0,,0,Keep,Invest,1.975,0,ST,38,0,1,1,slvfalvu,,,,,0
98,ebv028me,63b63938dbf229f3eb46d4a4,0,29,29,Thanks,MyPage,2024-03-20 15:26:46.046225,1,,,200.0,2,,200.0,,0,Keep,Invest,10.407,0,ST,33,0,1,1,slvfalvu,,,,,0
99,uf6cxosd,65e91c3fb210430e176c0582,0,29,29,Thanks,MyPage,2024-03-20 15:27:06.139444,1,,,50.0,2,,50.0,,1,Invest,Keep,2.505,0,ST,47,0,1,1,slvfalvu,,,,,0
100,sguddyr8,61705235c277934df17055e6,0,29,29,Thanks,MyPage,2024-03-20 15:27:24.970645,1,,,150.0,2,,150.0,,1,Invest,Invest,1.258,0,ST,35,0,1,1,slvfalvu,,,,,0
101,q5rqazbr,65dcca0d187f1e33aa00fca1,0,29,29,Thanks,MyPage,2024-03-20 15:27:39.359170,1,,,200.0,2,,200.0,,0,Keep,Invest,3.869,0,ST,46,0,1,1,slvfalvu,,,,,0
102,h8qdvw4g,5bd494e5669ee1000144c587,0,29,29,Thanks,MyPage,2024-03-20 15:27:39.914977,1,,,150.0,2,,150.0,,1,Invest,Invest,3.63,0,ST,40,0,1,1,slvfalvu,,,,,0
103,n9vx51wn,654ba95a19813f11335c3098,0,6,29,Intro_ST,TestPage,2024-03-20 15:27:49.835147,1,,,0.0,103,,0.0,,,Not yet,Not yet,,0,ST,1,0,0,1,slvfalvu,,,,,0
104,31idpyk4,65814eeb46e0e08413c672b5,0,7,29,Intro_ST,TestAnsPage,2024-03-20 15:28:33.793641,1,,,0.0,104,,0.0,,,Not yet,Not yet,,0,ST,1,0,0,1,slvfalvu,,,,,0
105,meoh7lty,62dc2f6e1e5f78dd81cb4920,0,29,29,Thanks,MyPage,2024-03-20 15:29:11.546924,1,,,50.0,2,,50.0,,1,Invest,Keep,5.139,0,ST,39,0,1,1,slvfalvu,,,,,0
106,1uhk1zk3,648a3e85644594030e52bcfd,0,29,29,Thanks,MyPage,2024-03-20 15:30:06.428821,1,,,50.0,2,,50.0,,1,Invest,Keep,8.832,0,ST,38,0,1,1,slvfalvu,,,,,0
107,2jomm6gy,58509fbda6946500016117ed,0,29,29,Thanks,MyPage,2024-03-20 15:31:45.106945,1,,,200.0,2,,200.0,,0,Keep,Invest,2.356,0,ST,37,0,1,1,slvfalvu,,,,,0
108,f1evc37l,5c6a36214fbf270001311702,0,29,29,Thanks,MyPage,2024-03-20 15:32:03.432378,1,,,50.0,2,,50.0,,1,Invest,Keep,10.886,0,ST,44,0,1,1,slvfalvu,,,,,0
109,440ep0oh,63ca0371da16422efc4d483f,0,17,29,kicked_out,MyPage,2024-03-20 15:34:11.489824,1,,,0.0,2,,0.0,,,Not yet,Not yet,,1,ST,45,1,0,1,slvfalvu,,,,,0
110,ib0axx52,5e07d174da6bad1342bafab2,0,29,29,Thanks,MyPage,2024-03-20 15:34:25.450001,1,,,50.0,2,,50.0,,1,Invest,Keep,4.614,0,ST,42,0,1,1,slvfalvu,,,,,0
111,b08gjziv,564e93659b124900127eb55b,0,16,29,not_completed,MyPage,2024-03-20 15:38:22.964918,1,,,0.0,1,,0.0,,,Not yet,Not yet,,0,ST,50,0,0,1,slvfalvu,,,,,0
112,8j5rmfkx,5f79bca83a2eb65c0983816d,0,16,29,not_completed,MyPage,2024-03-20 15:44:37.121350,1,,,0.0,1,,0.0,,,Not yet,Not yet,,0,ST,48,0,0,1,slvfalvu,,,,,0
113,6h9siclo,63c93f3a44e47b49c6f0223c,0,29,29,Thanks,MyPage,2024-03-20 15:57:55.030805,1,,,50.0,1,,50.0,,1,Invest,Keep,0.952,0,ST,49,0,1,1,slvfalvu,,,,,0
114,268z8312,6073e0d481953bbd2cd61145,0,29,29,Thanks,MyPage,2024-03-20 15:58:19.728384,1,,,200.0,2,,200.0,,0,Keep,Invest,1.317,0,ST,49,0,1,1,slvfalvu,,,,,0
115,3sukalaq,63cc61687ea57d11f6761f4d,0,16,29,not_completed,MyPage,2024-03-20 16:06:28.353750,1,,,0.0,1,,0.0,,,Not yet,Not yet,,0,ST,51,0,0,1,slvfalvu,,,,,0
116,i9ta7oau,,0,0,29,,,,0,,,0.0,116,,0.0,,,Not yet,Not yet,,0,ST,1,0,0,1,slvfalvu,,,,,0
117,fbexaoy5,,0,0,29,,,,0,,,0.0,117,,0.0,,,Not yet,Not yet,,0,ST,1,0,0,1,slvfalvu,,,,,0
118,rencox29,,0,0,29,,,,0,,,0.0,118,,0.0,,,Not yet,Not yet,,0,ST,1,0,0,1,slvfalvu,,,,,0
119,bg34ne1z,,0,0,29,,,,0,,,0.0,119,,0.0,,,Not yet,Not yet,,0,ST,1,0,0,1,slvfalvu,,,,,0
120,d9dfw9pw,,0,0,29,,,,0,,,0.0,120,,0.0,,,Not yet,Not yet,,0,ST,1,0,0,1,slvfalvu,,,,,0
121,kpkur306,,0,0,29,,,,0,,,0.0,121,,0.0,,,Not yet,Not yet,,0,ST,1,0,0,1,slvfalvu,,,,,0
122,qirwruz7,,0,0,29,,,,0,,,0.0,122,,0.0,,,Not yet,Not yet,,0,ST,1,0,0,1,slvfalvu,,,,,0
123,cge171gb,,0,0,29,,,,0,,,0.0,123,,0.0,,,Not yet,Not yet,,0,ST,1,0,0,1,slvfalvu,,,,,0
124,72rukpdh,,0,0,29,,,,0,,,0.0,124,,0.0,,,Not yet,Not yet,,0,ST,1,0,0,1,slvfalvu,,,,,0
125,uyfod4yp,,0,0,29,,,,0,,,0.0,125,,0.0,,,Not yet,Not yet,,0,ST,1,0,0,1,slvfalvu,,,,,0
126,zaxlury5,,0,0,29,,,,0,,,0.0,126,,0.0,,,Not yet,Not yet,,0,ST,1,0,0,1,slvfalvu,,,,,0
127,lkryk3up,,0,0,29,,,,0,,,0.0,127,,0.0,,,Not yet,Not yet,,0,ST,1,0,0,1,slvfalvu,,,,,0
128,8b0ovgk4,,0,0,29,,,,0,,,0.0,128,,0.0,,,Not yet,Not yet,,0,ST,1,0,0,1,slvfalvu,,,,,0
129,ziwd3vd8,,0,0,29,,,,0,,,0.0,129,,0.0,,,Not yet,Not yet,,0,ST,1,0,0,1,slvfalvu,,,,,0
130,jizlb029,,0,0,29,,,,0,,,0.0,130,,0.0,,,Not yet,Not yet,,0,ST,1,0,0,1,slvfalvu,,,,,0
1,anpt9hu9,63c515f70542e2ff1937031b,0,1,29,Consent_general,ConsentPage,2024-03-20 17:38:24.252870,1,,,0.0,1,,0.0,,,Not yet,Not yet,,0,ST,1,0,0,1,1aii5uj2,,,,,0
2,0x4j1q21,62029a55ef1cb18a1337c61a,0,29,29,Thanks,MyPage,2024-03-20 17:41:40.423630,1,,,150.0,1,,150.0,,1,Invest,Invest,1.202,0,ST,2,0,1,1,1aii5uj2,,,,,0
3,o92u9l4v,5b6259be5256470001bd0c6d,0,29,29,Thanks,MyPage,2024-03-20 17:41:47.167399,1,,,200.0,1,,200.0,,0,Keep,Invest,2.052,0,ST,4,0,1,1,1aii5uj2,,,,,0
4,ryh4o3f5,5f627a1e4b807f1aa7e35280,0,29,29,Thanks,MyPage,2024-03-20 17:41:47.850885,1,,,50.0,1,,50.0,,1,Invest,Keep,13.299,0,ST,18,0,1,1,1aii5uj2,,,,,0
5,3nncr67p,63d83a4301d86333a75c1738,0,29,29,Thanks,MyPage,2024-03-20 17:41:47.939196,1,,,150.0,2,,150.0,,1,Invest,Invest,0.782,0,ST,2,0,1,1,1aii5uj2,,,,,0
6,4m60ql96,1J8007jZ1260959759qn5O6Z,0,1,29,Consent_general,ConsentPage,2024-03-20 17:41:49.484132,1,,,0.0,6,,0.0,,,Not yet,Not yet,,0,ST,1,0,0,1,1aii5uj2,,,,,0
7,vpfi2wj7,5f2a12f5837dd81e5881b7cc,0,29,29,Thanks,MyPage,2024-03-20 17:41:49.464980,1,,,100.0,1,,100.0,,0,Keep,Keep,25.117,0,ST,7,0,1,1,1aii5uj2,,,,,0
8,uwvktruk,652be55d3d99a68b56fe7d56,0,29,29,Thanks,MyPage,2024-03-20 17:41:49.960958,1,,,150.0,1,,150.0,,1,Invest,Invest,1.709,0,ST,17,0,1,1,1aii5uj2,,,,,0
9,rtvsh9uh,63fa2f029381a13d9f2a36a8,0,29,29,Thanks,MyPage,2024-03-20 17:41:50.493497,1,,,150.0,1,,150.0,,1,Invest,Invest,1.845,0,ST,20,0,1,1,1aii5uj2,,,,,0
10,yvy1o9ot,1J8E07j3126ml59L5969n6SZ,0,1,29,Consent_general,ConsentPage,2024-03-20 17:41:52.679126,1,,,0.0,10,,0.0,,,Not yet,Not yet,,0,ST,1,0,0,1,1aii5uj2,,,,,0
11,u7q1057e,5b72d3f8afce7600019fe275,0,29,29,Thanks,MyPage,2024-03-20 17:41:57.220141,1,,,50.0,2,,50.0,,1,Invest,Keep,7.66,0,ST,4,0,1,1,1aii5uj2,,,,,0
12,zkckijar,5bcd315d0f10750001d7f22e,0,29,29,Thanks,MyPage,2024-03-20 17:41:57.333499,1,,,100.0,1,,100.0,,0,Keep,Keep,3.659,0,ST,15,0,1,1,1aii5uj2,,,,,0
13,z99qwqpd,63386e75b02c4d7013c1198b,0,29,29,Thanks,MyPage,2024-03-20 17:41:58.686089,1,,,150.0,1,,150.0,,1,Invest,Invest,1.327,0,ST,5,0,1,1,1aii5uj2,,,,,0
14,5dumrn30,5efa7432ebc08a170f0aa15f,0,29,29,Thanks,MyPage,2024-03-20 17:41:59.338964,1,,,150.0,1,,150.0,,1,Invest,Invest,1.344,0,ST,3,0,1,1,1aii5uj2,,,,,0
15,s1pgrtk8,5608a73fd7def20012b7389d,0,29,29,Thanks,MyPage,2024-03-20 17:41:59.402000,1,,,100.0,2,,100.0,,0,Keep,Keep,3.212,0,ST,7,0,1,1,1aii5uj2,,,,,0
16,8hsyxl1o,55dbdc9d50a1f7001190d753,0,29,29,Thanks,MyPage,2024-03-20 17:41:59.539708,1,,,50.0,1,,50.0,,1,Invest,Keep,1.389,0,ST,6,0,1,1,1aii5uj2,,,,,0
17,3tgqhcev,65c2052576646afc7d0472d8,0,29,29,Thanks,MyPage,2024-03-20 17:42:02.004999,1,,,100.0,2,,100.0,,0,Keep,Keep,1.652,0,ST,15,0,1,1,1aii5uj2,,,,,0
18,bsaiubym,5ccb779b2c4e1f00159333ea,0,29,29,Thanks,MyPage,2024-03-20 17:42:02.162022,1,,,200.0,2,,200.0,,0,Keep,Invest,20.594,0,ST,18,0,1,1,1aii5uj2,,,,,0
19,qm0skt56,65b98fe25e75b5acc3f44626,0,29,29,Thanks,MyPage,2024-03-20 17:42:06.750718,1,,,50.0,1,,50.0,,1,Invest,Keep,4.29,0,ST,10,0,1,1,1aii5uj2,,,,,0
20,dyg52pig,5bec5b873ffbad0001e8b968,0,29,29,Thanks,MyPage,2024-03-20 17:42:08.502970,1,,,200.0,1,,200.0,,0,Keep,Invest,20.892,0,ST,14,0,1,1,1aii5uj2,,,,,0
21,q9yvt2sr,5c3d07a85a994b0001c10bb2,0,29,29,Thanks,MyPage,2024-03-20 17:42:08.600820,1,,,50.0,1,,50.0,,1,Invest,Keep,56.535,0,ST,12,0,1,1,1aii5uj2,,,,,0
22,ohs8eyfb,63f78071721a6cacdd63d835,0,6,29,Intro_ST,TestPage,2024-03-20 17:42:08.757296,1,,,0.0,22,,0.0,,,Not yet,Not yet,,0,ST,1,0,0,1,1aii5uj2,,,,,0
23,hqxxi3hw,5d3221b8eb6cfa0001950113,0,29,29,Thanks,MyPage,2024-03-20 17:42:09.785286,1,,,50.0,1,,50.0,,1,Invest,Keep,1.818,0,ST,22,0,1,1,1aii5uj2,,,,,0
24,3dvipktt,6304b7a752adde130e57bddf,0,16,29,not_completed,MyPage,2024-03-20 17:42:10.668153,1,,,0.0,1,,0.0,,,Not yet,Not yet,,0,ST,51,0,0,1,1aii5uj2,,,,,0
25,3pxfyzca,5e1f7b2a4c9b832b34e7c9d3,0,29,29,Thanks,MyPage,2024-03-20 17:42:12.781815,1,,,200.0,1,,200.0,,0,Keep,Invest,58.396,0,ST,11,0,1,1,1aii5uj2,,,,,0
26,ksghwo71,60e4c09a4b30f16f5a1053e7,0,29,29,Thanks,MyPage,2024-03-20 17:42:15.263225,1,,,150.0,2,,150.0,,1,Invest,Invest,1.385,0,ST,17,0,1,1,1aii5uj2,,,,,0
27,2vv3p6gr,64776e3beba1085215214ec0,0,29,29,Thanks,MyPage,2024-03-20 17:42:18.146030,1,,,100.0,1,,100.0,,0,Keep,Keep,12.44,0,ST,9,0,1,1,1aii5uj2,,,,,0
28,xips3zsz,65cc0f39dfeb09215a6c4d0d,0,29,29,Thanks,MyPage,2024-03-20 17:42:21.168973,1,,,200.0,2,,200.0,,0,Keep,Invest,8.261,0,ST,10,0,1,1,1aii5uj2,,,,,0
29,pelpz8kl,62d86c63e2966588c71b9ff2,0,29,29,Thanks,MyPage,2024-03-20 17:42:21.956297,1,,,150.0,2,,150.0,,1,Invest,Invest,1.23,0,ST,5,0,1,1,1aii5uj2,,,,,0
30,8xh9weui,659ea3d1b0bc2e686e6aef35,0,29,29,Thanks,MyPage,2024-03-20 17:42:22.387857,1,,,100.0,2,,100.0,,0,Keep,Keep,1.91,0,ST,9,0,1,1,1aii5uj2,,,,,0
31,ueo31t4g,60079f45348bb62bdcd363ff,0,6,29,Intro_ST,TestPage,2024-03-20 17:42:22.902735,1,,,0.0,31,,0.0,,,Not yet,Not yet,,0,ST,1,0,0,1,1aii5uj2,,,,,0
32,1szjyw88,5bcc60b95c2b810001dc68e2,0,29,29,Thanks,MyPage,2024-03-20 17:42:23.395060,1,,,150.0,2,,150.0,,1,Invest,Invest,1.775,0,ST,3,0,1,1,1aii5uj2,,,,,0
33,5ltfqaza,65e150a2cca2780f6d77dfa6,0,29,29,Thanks,MyPage,2024-03-20 17:42:24.656642,1,,,50.0,1,,50.0,,1,Invest,Keep,10.694,0,ST,13,0,1,1,1aii5uj2,,,,,0
34,w47pik8z,65c10f898294498f2342fd89,0,29,29,Thanks,MyPage,2024-03-20 17:42:26.649660,1,,,200.0,2,,200.0,,0,Keep,Invest,23.385,0,ST,12,0,1,1,1aii5uj2,,,,,0
35,cm0lesnp,65f31ae2cdcc56276a223828,0,4,29,Intro_ST,GameIntroPage,2024-03-20 17:42:26.978297,1,,,0.0,35,,0.0,,,Not yet,Not yet,,0,ST,1,0,0,1,1aii5uj2,,,,,0
36,dkvd0gi4,65a007f925c57b5873d500f7,0,29,29,Thanks,MyPage,2024-03-20 17:42:27.127342,1,,,50.0,1,,50.0,,1,Invest,Keep,4.839,0,ST,8,0,1,1,1aii5uj2,,,,,0
37,9mfbtlto,56e8bf5a870a8e000b4a8d6e,0,29,29,Thanks,MyPage,2024-03-20 17:42:28.020201,1,,,100.0,1,,100.0,,0,Keep,Keep,15.569,0,ST,19,0,1,1,1aii5uj2,,,,,0
38,73toy05o,65627e7e7b17879c112071aa,0,29,29,Thanks,MyPage,2024-03-20 17:42:28.514240,1,,,200.0,2,,200.0,,0,Keep,Invest,5.141,0,ST,6,0,1,1,1aii5uj2,,,,,0
39,saqnie4b,5aac0d5a2ffc31000107bcb6,0,29,29,Thanks,MyPage,2024-03-20 17:42:28.941263,1,,,200.0,2,,200.0,,0,Keep,Invest,17.8,0,ST,13,0,1,1,1aii5uj2,,,,,0
40,6wkt8ljc,65aa84378692cf702bea51b1,0,29,29,Thanks,MyPage,2024-03-20 17:42:31.161248,1,,,200.0,1,,200.0,,0,Keep,Invest,2.197,0,ST,38,0,1,1,1aii5uj2,,,,,0
41,92rbqa7r,6345bfdce5f06f5b4ee98ea8,0,29,29,Thanks,MyPage,2024-03-20 17:42:31.364139,1,,,150.0,1,,150.0,,1,Invest,Invest,2.156,0,ST,27,0,1,1,1aii5uj2,,,,,0
42,tvvclnu7,610780a29b8f39b988aedf57,0,6,29,Intro_ST,TestPage,2024-03-20 17:42:31.842086,1,,,0.0,42,,0.0,,,Not yet,Not yet,,0,ST,1,0,0,1,1aii5uj2,,,,,0
43,fsn99yx6,5a4bf09053a4560001ba0ebf,0,29,29,Thanks,MyPage,2024-03-20 17:42:32.023560,1,,,200.0,2,,200.0,,0,Keep,Invest,16.621,0,ST,8,0,1,1,1aii5uj2,,,,,0
44,cmr55ui2,608f2bae0ee0a74455533e4c,0,29,29,Thanks,MyPage,2024-03-20 17:42:36.274347,1,,,50.0,2,,50.0,,1,Invest,Keep,1.68,0,ST,11,0,1,1,1aii5uj2,,,,,0
45,qgwqqfx0,6369700320bc7dd22e733009,0,29,29,Thanks,MyPage,2024-03-20 17:42:37.473196,1,,,200.0,1,,200.0,,0,Keep,Invest,1.545,0,ST,24,0,1,1,1aii5uj2,,,,,0
46,yc5k1in4,5fb41cbb6ab13204137b931e,0,29,29,Thanks,MyPage,2024-03-20 17:42:39.416631,1,,,150.0,1,,150.0,,1,Invest,Invest,6.511,0,ST,36,0,1,1,1aii5uj2,,,,,0
47,6vmkul1j,65e60560d30080973c97b387,0,29,29,Thanks,MyPage,2024-03-20 17:42:42.429214,1,,,50.0,2,,50.0,,1,Invest,Keep,4.819,0,ST,14,0,1,1,1aii5uj2,,,,,0
48,8nq1ea8e,65c12143b109e591c2192ade,0,29,29,Thanks,MyPage,2024-03-20 17:42:45.527228,1,,,150.0,1,,150.0,,1,Invest,Invest,9.892,0,ST,21,0,1,1,1aii5uj2,,,,,0
49,waykxl3j,64666d2ac5eef6c2edef35c0,0,29,29,Thanks,MyPage,2024-03-20 17:42:50.405420,1,,,100.0,2,,100.0,,0,Keep,Keep,3.879,0,ST,19,0,1,1,1aii5uj2,,,,,0
50,kv3bei93,5f46cd85e858dd0a24269315,0,29,29,Thanks,MyPage,2024-03-20 17:42:49.705151,1,,,100.0,1,,100.0,,0,Keep,Keep,3.894,0,ST,48,0,1,1,1aii5uj2,,,,,0
51,lbycgb6i,65ec325ffdf900c69d899eae,0,29,29,Thanks,MyPage,2024-03-20 17:42:50.270164,1,,,100.0,1,,100.0,,0,Keep,Keep,12.129,0,ST,35,0,1,1,1aii5uj2,,,,,0
52,q9gn4fj3,6007a7996fbeef04ce080f90,0,29,29,Thanks,MyPage,2024-03-20 17:42:57.602899,1,,,100.0,1,,100.0,,0,Keep,Keep,18.764,0,ST,16,0,1,1,1aii5uj2,,,,,0
53,0qi7wf7o,5d16d17119d2ed0015e21360,0,29,29,Thanks,MyPage,2024-03-20 17:43:27.925291,1,,,150.0,2,,150.0,,1,Invest,Invest,10.051,0,ST,21,0,1,1,1aii5uj2,,,,,0
54,z7dddpb8,5d2deed49e70710018fde9e8,0,29,29,Thanks,MyPage,2024-03-20 17:43:47.676563,1,,,100.0,2,,100.0,,0,Keep,Keep,2.168,0,ST,16,0,1,1,1aii5uj2,,,,,0
55,4xbk7u5y,65ce24ef16bb961d68282b1d,0,6,29,Intro_ST,TestPage,2024-03-20 17:44:09.651741,1,,,0.0,55,,0.0,,,Not yet,Not yet,,0,ST,1,0,0,1,1aii5uj2,,,,,0
56,mce1terv,60c2b160526d0ae3b07ca006,0,29,29,Thanks,MyPage,2024-03-20 17:44:22.165508,1,,,50.0,1,,50.0,,1,Invest,Keep,9.506,0,ST,49,0,1,1,1aii5uj2,,,,,0
57,u5a6ewlh,53987712fdf99b68e3a45021,0,29,29,Thanks,MyPage,2024-03-20 17:44:48.287825,1,,,150.0,2,,150.0,,1,Invest,Invest,1.991,0,ST,20,0,1,1,1aii5uj2,,,,,0
58,6cwbdyai,640b816df86dcee615619d0d,0,29,29,Thanks,MyPage,2024-03-20 17:45:54.394081,1,,,200.0,1,,200.0,,0,Keep,Invest,3.29,0,ST,34,0,1,1,1aii5uj2,,,,,0
59,sgrheznd,655341eb4e3bc14629ff1f23,0,29,29,Thanks,MyPage,2024-03-20 17:46:13.752038,1,,,200.0,1,,200.0,,0,Keep,Invest,2.336,0,ST,42,0,1,1,1aii5uj2,,,,,0
60,3jq5ta6j,60b49cb1dc5470789edd23fe,0,29,29,Thanks,MyPage,2024-03-20 17:46:52.359463,1,,,150.0,1,,150.0,,1,Invest,Invest,4.265,0,ST,31,0,1,1,1aii5uj2,,,,,0
61,m7vuhruv,62a42874616cea6120350ad9,0,29,29,Thanks,MyPage,2024-03-20 17:48:35.490034,1,,,200.0,1,,200.0,,0,Keep,Invest,2.48,0,ST,26,0,1,1,1aii5uj2,,,,,0
62,443fhdmm,6488e429e530a1949174c9f4,0,2,29,Consent_general,GeneralIntroPage,2024-03-20 17:49:02.330359,1,,,0.0,62,,0.0,,,Not yet,Not yet,,0,ST,1,0,0,1,1aii5uj2,,,,,0
63,mp426jr6,616c056b42e788ef31efc4b0,0,29,29,Thanks,MyPage,2024-03-20 17:49:05.641377,1,,,150.0,1,,150.0,,1,Invest,Invest,1.469,0,ST,33,0,1,1,1aii5uj2,,,,,0
64,19v9orim,5ff07b5ee7a1d23e719e421e,0,29,29,Thanks,MyPage,2024-03-20 17:49:06.641711,1,,,150.0,1,,150.0,,1,Invest,Invest,10.477,0,ST,30,0,1,1,1aii5uj2,,,,,0
65,8krib80r,610d6c481ca4797b863fe3d1,0,29,29,Thanks,MyPage,2024-03-20 17:49:11.839149,1,,,150.0,1,,150.0,,1,Invest,Invest,4.058,0,ST,39,0,1,1,1aii5uj2,,,,,0
66,ec7j7jxy,65eb6ffd3cd8843ed98975a5,0,29,29,Thanks,MyPage,2024-03-20 17:49:13.918293,1,,,150.0,1,,150.0,,1,Invest,Invest,0.9,0,ST,25,0,1,1,1aii5uj2,,,,,0
67,9l0qr32d,65d6af2397543519d98f2498,0,29,29,Thanks,MyPage,2024-03-20 17:49:15.509315,1,,,200.0,2,,200.0,,0,Keep,Invest,1.182,0,ST,22,0,1,1,1aii5uj2,,,,,0
68,pi40u589,5a6f1ccade1f390001dbd8b7,0,29,29,Thanks,MyPage,2024-03-20 17:49:18.766689,1,,,150.0,1,,150.0,,1,Invest,Invest,8.656,0,ST,32,0,1,1,1aii5uj2,,,,,0
69,luqi1dm7,63d3fa0d6c990bc96e11becf,0,29,29,Thanks,MyPage,2024-03-20 17:49:18.725446,1,,,50.0,1,,50.0,,1,Invest,Keep,1.037,0,ST,29,0,1,1,1aii5uj2,,,,,0
70,b2ccurz9,60dbf4d94a3b5564b68881e8,0,29,29,Thanks,MyPage,2024-03-20 17:49:19.772492,1,,,200.0,2,,200.0,,0,Keep,Invest,2.258,0,ST,29,0,1,1,1aii5uj2,,,,,0
71,ghm3jx1p,5b20fb104c72120001f26359,0,6,29,Intro_ST,TestPage,2024-03-20 17:49:19.983146,1,,,0.0,71,,0.0,,,Not yet,Not yet,,0,ST,1,0,0,1,1aii5uj2,,,,,0
72,zopqa6ar,611183b5896b557f04dcc3aa,0,29,29,Thanks,MyPage,2024-03-20 17:49:21.048418,1,,,50.0,2,,50.0,,1,Invest,Keep,50.15,0,ST,34,0,1,1,1aii5uj2,,,,,0
73,wawt1udd,5da88a6037d42100144928bd,0,29,29,Thanks,MyPage,2024-03-20 17:49:23.035271,1,,,150.0,2,,150.0,,1,Invest,Invest,3.446,0,ST,33,0,1,1,1aii5uj2,,,,,0
74,0h240hpk,65dfb811a54bc9bfe49c42f5,0,29,29,Thanks,MyPage,2024-03-20 17:49:24.203423,1,,,150.0,2,,150.0,,1,Invest,Invest,1.114,0,ST,27,0,1,1,1aii5uj2,,,,,0
75,rw5lg9kt,5dd4767b32288646716dc98a,0,29,29,Thanks,MyPage,2024-03-20 17:49:24.225795,1,,,200.0,1,,200.0,,0,Keep,Invest,8.734,0,ST,40,0,1,1,1aii5uj2,,,,,0
76,ewo3tuk6,64045393fa09ada78f0b5301,0,29,29,Thanks,MyPage,2024-03-20 17:49:27.360544,1,,,150.0,2,,150.0,,1,Invest,Invest,6.52,0,ST,32,0,1,1,1aii5uj2,,,,,0
77,lvmc0h33,597763c969b5670001b6c8cf,0,6,29,Intro_ST,TestPage,2024-03-20 17:49:29.176326,1,,,0.0,77,,0.0,,,Not yet,Not yet,,0,ST,1,0,0,1,1aii5uj2,,,,,0
78,yckq2wxx,650b0eb2e8c0266da78521fb,0,29,29,Thanks,MyPage,2024-03-20 17:49:29.345882,1,,,50.0,2,,50.0,,1,Invest,Keep,23.629,0,ST,26,0,1,1,1aii5uj2,,,,,0
79,lpz01l80,5aa69293f6dfdd0001eb03ec,0,3,29,Consent_general,WithdrawPage,2024-03-20 17:49:31.590793,1,,,0.0,79,,0.0,,,Not yet,Not yet,,0,ST,1,0,0,1,1aii5uj2,,,,,0
80,4p0cx926,64d12a70e6bc34c6c54d0097,0,29,29,Thanks,MyPage,2024-03-20 17:49:31.735530,1,,,200.0,1,,200.0,,0,Keep,Invest,2.204,0,ST,43,0,1,1,1aii5uj2,,,,,0
81,t1rb92gl,5d649652adc4e8001a2d258d,0,29,29,Thanks,MyPage,2024-03-20 17:49:32.051176,1,,,150.0,2,,150.0,,1,Invest,Invest,10.845,0,ST,31,0,1,1,1aii5uj2,,,,,0
82,q1y5dyzi,65028df3dcbf9224299692c4,0,29,29,Thanks,MyPage,2024-03-20 17:49:37.526185,1,,,100.0,1,,100.0,,0,Keep,Keep,5.108,0,ST,47,0,1,1,1aii5uj2,,,,,0
83,x51yjblg,65eb78516ff6798ef91c756c,0,29,29,Thanks,MyPage,2024-03-20 17:49:38.347741,1,,,150.0,2,,150.0,,1,Invest,Invest,5.043,0,ST,39,0,1,1,1aii5uj2,,,,,0
84,4oqxe6md,628c2454c8c66010dd87391d,0,29,29,Thanks,MyPage,2024-03-20 17:49:38.066080,1,,,150.0,1,,150.0,,1,Invest,Invest,1.591,0,ST,23,0,1,1,1aii5uj2,,,,,0
85,uv1sk6ce,5fc7a6aaa7646c0009521161,0,29,29,Thanks,MyPage,2024-03-20 17:49:41.339305,1,,,50.0,2,,50.0,,1,Invest,Keep,3.303,0,ST,24,0,1,1,1aii5uj2,,,,,0
86,9tsrbz0v,632b947efa9da6a9bde31f94,0,29,29,Thanks,MyPage,2024-03-20 17:49:42.041469,1,,,150.0,2,,150.0,,1,Invest,Invest,4.09,0,ST,36,0,1,1,1aii5uj2,,,,,0
87,fmg7lp2f,61071715ef66759482346ce4,0,29,29,Thanks,MyPage,2024-03-20 17:49:42.805472,1,,,150.0,2,,150.0,,1,Invest,Invest,2.854,0,ST,23,0,1,1,1aii5uj2,,,,,0
88,79th3xgg,65b92135e296f28cb1a093c3,0,29,29,Thanks,MyPage,2024-03-20 17:49:43.998077,1,,,200.0,1,,200.0,,0,Keep,Invest,2.855,0,ST,44,0,1,1,1aii5uj2,,,,,0
89,sxvomnz4,65a53b4da8e15bf1de72f873,0,29,29,Thanks,MyPage,2024-03-20 17:49:46.488079,1,,,100.0,2,,100.0,,0,Keep,Keep,2.148,0,ST,47,0,1,1,1aii5uj2,,,,,0
90,2a09ajwr,647c65c5acb91c89819c7970,0,29,29,Thanks,MyPage,2024-03-20 17:49:49.585129,1,,,50.0,1,,50.0,,1,Invest,Keep,7.127,0,ST,41,0,1,1,1aii5uj2,,,,,0
91,diiocdgz,64527892acde0fbd392a41d6,0,29,29,Thanks,MyPage,2024-03-20 17:49:58.527757,1,,,100.0,1,,100.0,,0,Keep,Keep,2.072,0,ST,45,0,1,1,1aii5uj2,,,,,0
92,4hruaqab,6575fb1c1a04b30cfb2832d5,0,29,29,Thanks,MyPage,2024-03-20 17:50:29.783669,1,,,200.0,1,,200.0,,0,Keep,Invest,2.015,0,ST,37,0,1,1,1aii5uj2,,,,,0
93,no21apzb,62b07fada18474adc21fa4b1,0,16,29,not_completed,MyPage,2024-03-20 17:50:29.849322,1,,,0.0,1,,0.0,,,Not yet,Not yet,,0,ST,52,0,0,1,1aii5uj2,,,,,0
94,eintq4h9,6531958a74d39ace86a60bd9,0,29,29,Thanks,MyPage,2024-03-20 17:50:33.702124,1,,,200.0,2,,200.0,,0,Keep,Invest,63.292,0,ST,41,0,1,1,1aii5uj2,,,,,0
95,tiltjivd,5f4a7a00dc1bde60ab8f7ac5,0,29,29,Thanks,MyPage,2024-03-20 17:50:33.856358,1,,,150.0,2,,150.0,,1,Invest,Invest,3.993,0,ST,25,0,1,1,1aii5uj2,,,,,0
96,1armsbto,5b33a01fa8327d0001003821,0,29,29,Thanks,MyPage,2024-03-20 17:50:36.852418,1,,,100.0,2,,100.0,,0,Keep,Keep,6.028,0,ST,45,0,1,1,1aii5uj2,,,,,0
97,m742inz5,6560ca7bb947c4f10cf53c36,0,29,29,Thanks,MyPage,2024-03-20 17:50:42.170931,1,,,200.0,1,,200.0,,0,Keep,Invest,24.782,0,ST,28,0,1,1,1aii5uj2,,,,,0
98,ilbvg6hb,6518cf249463264599a7918d,0,29,29,Thanks,MyPage,2024-03-20 17:50:43.606356,1,,,50.0,2,,50.0,,1,Invest,Keep,1.796,0,ST,42,0,1,1,1aii5uj2,,,,,0
99,dwgl499y,65cba317504938f6ca5272f5,0,29,29,Thanks,MyPage,2024-03-20 17:50:44.073939,1,,,150.0,2,,150.0,,1,Invest,Invest,3.536,0,ST,30,0,1,1,1aii5uj2,,,,,0
100,gl7ftop5,5ff1fd761d6cb468718cdbeb,0,29,29,Thanks,MyPage,2024-03-20 17:50:45.997864,1,,,100.0,2,,100.0,,0,Keep,Keep,12.397,0,ST,35,0,1,1,1aii5uj2,,,,,0
101,0qjuihlm,6441557474b4acdbbcc9e4eb,0,29,29,Thanks,MyPage,2024-03-20 17:50:47.545420,1,,,50.0,2,,50.0,,1,Invest,Keep,6.696,0,ST,44,0,1,1,1aii5uj2,,,,,0
102,ixdr83p2,5d7ff85ffec5620017b07c40,0,29,29,Thanks,MyPage,2024-03-20 17:50:51.347741,1,,,50.0,2,,50.0,,1,Invest,Keep,4.468,0,ST,40,0,1,1,1aii5uj2,,,,,0
103,fxsxc630,65d0bc61f1264ee93bd93055,0,29,29,Thanks,MyPage,2024-03-20 17:50:53.747524,1,,,50.0,2,,50.0,,1,Invest,Keep,5.503,0,ST,28,0,1,1,1aii5uj2,,,,,0
104,bkrluo84,651c2cc23704dc10500ae77c,0,29,29,Thanks,MyPage,2024-03-20 17:50:59.758602,1,,,50.0,2,,50.0,,1,Invest,Keep,4.218,0,ST,43,0,1,1,1aii5uj2,,,,,0
105,wkxjulqf,59f0f82ce75b450001a699ad,0,29,29,Thanks,MyPage,2024-03-20 17:51:21.744039,1,,,50.0,2,,50.0,,1,Invest,Keep,1.337,0,ST,37,0,1,1,1aii5uj2,,,,,0
106,4zrm14m4,63052f20afc39e87110eb83e,0,29,29,Thanks,MyPage,2024-03-20 17:52:01.119382,1,,,100.0,2,,100.0,,0,Keep,Keep,6.657,0,ST,48,0,1,1,1aii5uj2,,,,,0
107,pf11h3a4,63ebb22fae90027a0e121582,0,29,29,Thanks,MyPage,2024-03-20 17:52:11.413540,1,,,50.0,2,,50.0,,1,Invest,Keep,56.686,0,ST,38,0,1,1,1aii5uj2,,,,,0
108,qzdowl3n,65eb922aaa1aed668c846309,0,29,29,Thanks,MyPage,2024-03-20 17:54:08.844948,1,,,200.0,2,,200.0,,0,Keep,Invest,5.72,0,ST,49,0,1,1,1aii5uj2,,,,,0
109,5xz1irys,63616240cc69594f32b0ff2e,0,29,29,Thanks,MyPage,2024-03-20 17:55:28.482888,1,,,150.0,1,,150.0,,1,Invest,Invest,42.822,0,ST,46,0,1,1,1aii5uj2,,,,,0
110,9y77t12g,5ac440da9534ba0001c736da,0,29,29,Thanks,MyPage,2024-03-20 17:56:45.326177,1,,,150.0,2,,150.0,,1,Invest,Invest,1.269,0,ST,46,0,1,1,1aii5uj2,,,,,0
111,5e49xzub,60fcefe49e61a0aa689df3c8,0,16,29,not_completed,MyPage,2024-03-20 17:58:24.945525,1,,,0.0,1,,0.0,,,Not yet,Not yet,,0,ST,50,0,0,1,1aii5uj2,,,,,0
112,f7y4g0pg,,0,0,29,,,,0,,,0.0,112,,0.0,,,Not yet,Not yet,,0,ST,1,0,0,1,1aii5uj2,,,,,0
113,nmtzo14p,,0,0,29,,,,0,,,0.0,113,,0.0,,,Not yet,Not yet,,0,ST,1,0,0,1,1aii5uj2,,,,,0
114,xtdlxlgn,,0,0,29,,,,0,,,0.0,114,,0.0,,,Not yet,Not yet,,0,ST,1,0,0,1,1aii5uj2,,,,,0
115,uxn2d14q,,0,0,29,,,,0,,,0.0,115,,0.0,,,Not yet,Not yet,,0,ST,1,0,0,1,1aii5uj2,,,,,0
116,fpikt2au,,0,0,29,,,,0,,,0.0,116,,0.0,,,Not yet,Not yet,,0,ST,1,0,0,1,1aii5uj2,,,,,0
117,n6ee21r0,,0,0,29,,,,0,,,0.0,117,,0.0,,,Not yet,Not yet,,0,ST,1,0,0,1,1aii5uj2,,,,,0
118,hdn6pm4q,,0,0,29,,,,0,,,0.0,118,,0.0,,,Not yet,Not yet,,0,ST,1,0,0,1,1aii5uj2,,,,,0
119,xrqe7ecz,,0,0,29,,,,0,,,0.0,119,,0.0,,,Not yet,Not yet,,0,ST,1,0,0,1,1aii5uj2,,,,,0
120,vfl75c4b,,0,0,29,,,,0,,,0.0,120,,0.0,,,Not yet,Not yet,,0,ST,1,0,0,1,1aii5uj2,,,,,0
121,a7977py1,,0,0,29,,,,0,,,0.0,121,,0.0,,,Not yet,Not yet,,0,ST,1,0,0,1,1aii5uj2,,,,,0
122,c58bx38s,,0,0,29,,,,0,,,0.0,122,,0.0,,,Not yet,Not yet,,0,ST,1,0,0,1,1aii5uj2,,,,,0
123,vaey9jly,,0,0,29,,,,0,,,0.0,123,,0.0,,,Not yet,Not yet,,0,ST,1,0,0,1,1aii5uj2,,,,,0
124,mvab53zk,,0,0,29,,,,0,,,0.0,124,,0.0,,,Not yet,Not yet,,0,ST,1,0,0,1,1aii5uj2,,,,,0
125,hj639rfl,,0,0,29,,,,0,,,0.0,125,,0.0,,,Not yet,Not yet,,0,ST,1,0,0,1,1aii5uj2,,,,,0
126,etgzpbpd,,0,0,29,,,,0,,,0.0,126,,0.0,,,Not yet,Not yet,,0,ST,1,0,0,1,1aii5uj2,,,,,0
127,j2can7sj,,0,0,29,,,,0,,,0.0,127,,0.0,,,Not yet,Not yet,,0,ST,1,0,0,1,1aii5uj2,,,,,0
128,5l0ppckq,,0,0,29,,,,0,,,0.0,128,,0.0,,,Not yet,Not yet,,0,ST,1,0,0,1,1aii5uj2,,,,,0
129,y76qmogb,,0,0,29,,,,0,,,0.0,129,,0.0,,,Not yet,Not yet,,0,ST,1,0,0,1,1aii5uj2,,,,,0
130,odmud51s,,0,0,29,,,,0,,,0.0,130,,0.0,,,Not yet,Not yet,,0,ST,1,0,0,1,1aii5uj2,,,,,0
