participant.id_in_session,participant.code,participant.label,participant._is_bot,participant._index_in_pages,participant._max_page_index,participant._current_app_name,participant._current_page_name,participant.time_started_utc,participant.visited,participant.mturk_worker_id,participant.mturk_assignment_id,participant.payoff,player.id_in_group,player.role,player.payoff,player.pid,player.is_coop,player.action,player.partner_action,player.rt,player.is_dropout,player.condition,group.id_in_subsession,group.has_dropout,subsession.round_number,session.code,session.label,session.mturk_HITId,session.mturk_HITGroupId,session.comment,session.is_demo
1,jcb5p4r4,63c515f70542e2ff1937031b,0,1,32,Consent_general,ConsentPage,2024-03-20 16:35:01.436704,1,,,0.0,1,,0.0,,,Not yet,Not yet,,0,SQ,1,0,1,7reoo3kl,,,,,0
2,fhavdxuf,61531a9bd8acf4e88e083892,0,32,32,Thanks,MyPage,2024-03-20 16:37:01.108391,1,,,150.0,2,,150.0,,1,Invest,Invest,4.271,0,SQ,8,0,1,7reoo3kl,,,,,0
3,l9t0g9ij,63d69919e9b7547ceeb0d31d,0,32,32,Thanks,MyPage,2024-03-20 16:37:15.107719,1,,,100.0,2,,100.0,,0,Keep,Keep,7.256,0,SQ,4,0,1,7reoo3kl,,,,,0
4,ydogyhgb,5c475608cae0ab000188cb6e,0,32,32,Thanks,MyPage,2024-03-20 16:37:43.428470,1,,,200.0,2,,200.0,,0,Keep,Invest,3.886,0,SQ,34,0,1,7reoo3kl,,,,,0
5,uymre0gf,65cf88a1a3887a237da61f94,0,32,32,Thanks,MyPage,2024-03-20 16:37:44.703837,1,,,150.0,2,,150.0,,1,Invest,Invest,2.027,0,SQ,3,0,1,7reoo3kl,,,,,0
6,b31viyw5,569298838d93fe000dfa033c,0,4,32,Intro_SQ,GameIntroPage,2024-03-20 16:37:51.747420,1,,,0.0,6,,0.0,,,Not yet,Not yet,,0,SQ,1,0,1,7reoo3kl,,,,,0
7,9lik89oe,640d43c9451ce148162a7643,0,32,32,Thanks,MyPage,2024-03-20 16:38:06.818227,1,,,150.0,1,,150.0,,1,Invest,Invest,1.627,0,SQ,2,0,1,7reoo3kl,,,,,0
8,4ixtcdl2,138E07j3126ml597596n5667,0,1,32,Consent_general,ConsentPage,2024-03-20 16:38:08.018353,1,,,0.0,8,,0.0,,,Not yet,Not yet,,0,SQ,1,0,1,7reoo3kl,,,,,0
9,9tkvjqom,5c5ac2869d974300015d81fc,0,32,32,Thanks,MyPage,2024-03-20 16:38:09.708109,1,,,100.0,1,,100.0,,0,Keep,Keep,17.67,0,SQ,6,0,1,7reoo3kl,,,,,0
10,wv4d09w0,65e22b2cb3efd22e847d0bf0,0,32,32,Thanks,MyPage,2024-03-20 16:38:13.803525,1,,,150.0,1,,150.0,,1,Invest,Invest,1.362,0,SQ,9,0,1,7reoo3kl,,,,,0
11,vs690o5e,5aa806e7777df200016088c5,0,32,32,Thanks,MyPage,2024-03-20 16:38:23.823363,1,,,100.0,1,,100.0,,0,Keep,Keep,1.608,0,SQ,25,0,1,7reoo3kl,,,,,0
12,se4ia6zi,607778a26ff3de83125f50c5,0,32,32,Thanks,MyPage,2024-03-20 16:38:24.722604,1,,,150.0,1,,150.0,,1,Invest,Invest,1.167,0,SQ,7,0,1,7reoo3kl,,,,,0
13,bbvg2af9,646674819405d971b1c013b6,0,19,32,not_completed,MyPage,2024-03-20 16:38:39.792050,1,,,0.0,2,,0.0,,,Not yet,Not yet,,0,SQ,50,1,1,7reoo3kl,,,,,0
14,65h7slna,5dcea7314d51e4107516c80d,0,4,32,Intro_SQ,GameIntroPage,2024-03-20 16:38:39.569676,1,,,0.0,14,,0.0,,,Not yet,Not yet,,0,SQ,1,0,1,7reoo3kl,,,,,0
15,camhj5nl,6581458319fd30c077feba23,0,6,32,Intro_SQ,TestPage,2024-03-20 16:38:41.712085,1,,,0.0,15,,0.0,,,Not yet,Not yet,,0,SQ,1,0,1,7reoo3kl,,,,,0
16,t1k7twc3,644937030a7868838f1e1b9a,0,32,32,Thanks,MyPage,2024-03-20 16:38:53.573729,1,,,150.0,1,,150.0,,1,Invest,Invest,35.09,0,SQ,41,0,1,7reoo3kl,,,,,0
17,d9d35sd9,6328817c90a7f703ded34c91,0,32,32,Thanks,MyPage,2024-03-20 16:38:54.655181,1,,,150.0,2,,150.0,,1,Invest,Invest,8.612,0,SQ,2,0,1,7reoo3kl,,,,,0
18,xfdmmc1r,58935d5d4d77be0001689f14,0,20,32,kicked_out,MyPage,2024-03-20 16:38:55.603077,1,,,0.0,1,,0.0,,,Not yet,Not yet,,1,SQ,46,1,1,7reoo3kl,,,,,0
19,x4vc2b27,6276d97e209059496d37bf74,0,32,32,Thanks,MyPage,2024-03-20 16:38:57.366227,1,,,150.0,2,,150.0,,1,Invest,Invest,4.631,0,SQ,15,0,1,7reoo3kl,,,,,0
20,mhenzpne,138007731E6095975L6n5O6Z,0,1,32,Consent_general,ConsentPage,2024-03-20 16:38:59.739791,1,,,0.0,20,,0.0,,,Not yet,Not yet,,0,SQ,1,0,1,7reoo3kl,,,,,0
21,jxztfgoz,63d15e1be853005ff591b935,0,32,32,Thanks,MyPage,2024-03-20 16:39:04.017939,1,,,150.0,1,,150.0,,1,Invest,Invest,3.358,0,SQ,8,0,1,7reoo3kl,,,,,0
22,cn0au0kp,59565b1bbbb52400017ad4e1,0,32,32,Thanks,MyPage,2024-03-20 16:39:04.671797,1,,,200.0,2,,200.0,,0,Keep,Invest,4.382,0,SQ,23,0,1,7reoo3kl,,,,,0
23,zcdvhzhw,65f506b13213d7223ce26cd8,0,32,32,Thanks,MyPage,2024-03-20 16:39:06.315908,1,,,100.0,2,,100.0,,0,Keep,Keep,3.007,0,SQ,25,0,1,7reoo3kl,,,,,0
24,0kne3c46,641357b26802e397b5627d5e,0,4,32,Intro_SQ,GameIntroPage,2024-03-20 16:39:07.519798,1,,,0.0,24,,0.0,,,Not yet,Not yet,,0,SQ,1,0,1,7reoo3kl,,,,,0
25,9llbimqa,642c4f6e95f13dc4c1b54712,0,32,32,Thanks,MyPage,2024-03-20 16:39:07.666831,1,,,150.0,2,,150.0,,1,Invest,Invest,6.946,0,SQ,22,0,1,7reoo3kl,,,,,0
26,qndvkm8r,5bc913d99427200001dd47f5,0,32,32,Thanks,MyPage,2024-03-20 16:39:08.061097,1,,,100.0,2,,100.0,,0,Keep,Keep,9.767,0,SQ,13,0,1,7reoo3kl,,,,,0
27,0by00w8e,60de9c66c01a9de405e9efb0,0,2,32,Consent_general,GeneralIntroPage,2024-03-20 16:39:08.677983,1,,,0.0,27,,0.0,,,Not yet,Not yet,,0,SQ,1,0,1,7reoo3kl,,,,,0
28,clenilmf,5d88f2f8cefb52001a83f1b2,0,32,32,Thanks,MyPage,2024-03-20 16:39:11.149851,1,,,150.0,1,,150.0,,1,Invest,Invest,5.615,0,SQ,20,0,1,7reoo3kl,,,,,0
29,t1h5mtgk,65e33239b5fa3ca93950aa67,0,32,32,Thanks,MyPage,2024-03-20 16:39:13.043735,1,,,100.0,1,,100.0,,0,Keep,Keep,5.224,0,SQ,4,0,1,7reoo3kl,,,,,0
30,e5c6qe8b,6365ab361b71daa9f0eed7bd,0,32,32,Thanks,MyPage,2024-03-20 16:39:14.743796,1,,,200.0,2,,200.0,,0,Keep,Invest,8.646,0,SQ,48,0,1,7reoo3kl,,,,,0
31,95edrggn,5d4a6459061e2a000138bad3,0,32,32,Thanks,MyPage,2024-03-20 16:39:22.159243,1,,,100.0,2,,100.0,,0,Keep,Keep,2.957,0,SQ,6,0,1,7reoo3kl,,,,,0
32,af3jajv8,629642bfde2bf56c1ec2a420,0,32,32,Thanks,MyPage,2024-03-20 16:39:22.596196,1,,,150.0,2,,150.0,,1,Invest,Invest,3.501,0,SQ,7,0,1,7reoo3kl,,,,,0
33,y8a6li4v,65031f68de6e940396216f8a,0,6,32,Intro_SQ,TestPage,2024-03-20 16:39:22.879402,1,,,0.0,33,,0.0,,,Not yet,Not yet,,0,SQ,1,0,1,7reoo3kl,,,,,0
34,max76gsn,60e755dd08b47aac26807cd9,0,32,32,Thanks,MyPage,2024-03-20 16:39:22.991251,1,,,150.0,1,,150.0,,1,Invest,Invest,1.316,0,SQ,10,0,1,7reoo3kl,,,,,0
35,bafpj7nh,5ef8dcdad9a3d864a1dea285,0,20,32,kicked_out,MyPage,2024-03-20 16:39:26.918654,1,,,0.0,1,,0.0,,,Not yet,Not yet,,1,SQ,39,1,1,7reoo3kl,,,,,0
36,u6os1v5a,63ecff07b619306f41db42fa,0,32,32,Thanks,MyPage,2024-03-20 16:39:27.576912,1,,,50.0,2,,50.0,,1,Invest,Keep,12.19,0,SQ,36,0,1,7reoo3kl,,,,,0
37,ujw40wb6,5d1e5ece2e9ac30016b522c5,0,32,32,Thanks,MyPage,2024-03-20 16:39:28.247027,1,,,100.0,1,,100.0,,0,Keep,Keep,3.433,0,SQ,12,0,1,7reoo3kl,,,,,0
38,f05bnpkf,64d90ef50ad4204b1babb416,0,32,32,Thanks,MyPage,2024-03-20 16:39:29.226991,1,,,150.0,1,,150.0,,1,Invest,Invest,4.421,0,SQ,44,0,1,7reoo3kl,,,,,0
39,u13pq3qa,5bc9f8b677740000016a08b5,0,32,32,Thanks,MyPage,2024-03-20 16:39:29.298097,1,,,150.0,1,,150.0,,1,Invest,Invest,4.521,0,SQ,15,0,1,7reoo3kl,,,,,0
40,esudgms1,6132542039ead71f30971bd6,0,32,32,Thanks,MyPage,2024-03-20 16:39:30.273216,1,,,150.0,1,,150.0,,1,Invest,Invest,1.648,0,SQ,14,0,1,7reoo3kl,,,,,0
41,8ggc3vyq,62734ce38db73cd5bd81a36f,0,32,32,Thanks,MyPage,2024-03-20 16:39:33.032983,1,,,50.0,1,,50.0,,1,Invest,Keep,1.377,0,SQ,17,0,1,7reoo3kl,,,,,0
42,tbenxxyz,65df409ed4caf8deef4ae2b0,0,32,32,Thanks,MyPage,2024-03-20 16:39:36.603764,1,,,150.0,2,,150.0,,1,Invest,Invest,10.643,0,SQ,9,0,1,7reoo3kl,,,,,0
43,bix0o7tt,60d3789eaea26baa8ff53bb8,0,32,32,Thanks,MyPage,2024-03-20 16:39:38.736138,1,,,150.0,1,,150.0,,1,Invest,Invest,3.603,0,SQ,32,0,1,7reoo3kl,,,,,0
44,mv4pf67e,5c3a865019ceb400010c914a,0,32,32,Thanks,MyPage,2024-03-20 16:39:39.414049,1,,,150.0,1,,150.0,,1,Invest,Invest,3.062,0,SQ,5,0,1,7reoo3kl,,,,,0
45,xn3g1qgn,633dbba020f607c3522b86ed,0,32,32,Thanks,MyPage,2024-03-20 16:39:40.317968,1,,,150.0,2,,150.0,,1,Invest,Invest,3.43,0,SQ,10,0,1,7reoo3kl,,,,,0
46,lfd4vbo4,5d74001d391b6600175f433b,0,32,32,Thanks,MyPage,2024-03-20 16:39:41.161916,1,,,150.0,1,,150.0,,1,Invest,Invest,1.493,0,SQ,3,0,1,7reoo3kl,,,,,0
47,ydco3wpg,5de30dd39a9da5342d09f2e8,0,32,32,Thanks,MyPage,2024-03-20 16:39:41.211998,1,,,150.0,2,,150.0,,1,Invest,Invest,7.393,0,SQ,44,0,1,7reoo3kl,,,,,0
48,ufrymojs,63fd0a7da4c0df409be0a784,0,32,32,Thanks,MyPage,2024-03-20 16:39:45.585838,1,,,50.0,1,,50.0,,1,Invest,Keep,3.361,0,SQ,11,0,1,7reoo3kl,,,,,0
49,bc9urtir,6012e262527c380ccb2a6c74,0,32,32,Thanks,MyPage,2024-03-20 16:39:47.709753,1,,,100.0,1,,100.0,,0,Keep,Keep,3.001,0,SQ,21,0,1,7reoo3kl,,,,,0
50,g8pcefsf,647dde92d730823a9e5c7f0f,0,4,32,Intro_SQ,GameIntroPage,2024-03-20 16:39:48.307141,1,,,0.0,50,,0.0,,,Not yet,Not yet,,0,SQ,1,0,1,7reoo3kl,,,,,0
51,acwcv908,63acbbe336a9ca92853dca4a,0,32,32,Thanks,MyPage,2024-03-20 16:39:53.080943,1,,,150.0,1,,150.0,,1,Invest,Invest,2.05,0,SQ,18,0,1,7reoo3kl,,,,,0
52,1i1l6ptf,5f6e36c7f042f033d0f97bc1,0,32,32,Thanks,MyPage,2024-03-20 16:39:56.409739,1,,,150.0,2,,150.0,,1,Invest,Invest,2.436,0,SQ,5,0,1,7reoo3kl,,,,,0
53,fjsqwqi8,63cff262503b56190be3eb18,0,32,32,Thanks,MyPage,2024-03-20 16:39:57.621585,1,,,50.0,1,,50.0,,1,Invest,Keep,3.019,0,SQ,34,0,1,7reoo3kl,,,,,0
54,b4ul9ffu,6307f3c967020d1202332b77,0,5,32,Intro_SQ,DemoPage,2024-03-20 16:40:10.461744,1,,,0.0,54,,0.0,,,Not yet,Not yet,,0,SQ,1,0,1,7reoo3kl,,,,,0
55,jyi9x5hg,655f97cd4f1c17ae262fd0fa,0,32,32,Thanks,MyPage,2024-03-20 16:40:54.778237,1,,,200.0,2,,200.0,,0,Keep,Invest,16.299,0,SQ,11,0,1,7reoo3kl,,,,,0
56,u2hc02jf,5e6fd3293c76d25a3ca8b384,0,32,32,Thanks,MyPage,2024-03-20 16:41:23.124130,1,,,150.0,2,,150.0,,1,Invest,Invest,8.008,0,SQ,45,0,1,7reoo3kl,,,,,0
57,8icsssrd,55b424e1fdf99b526efcf8d0,0,32,32,Thanks,MyPage,2024-03-20 16:41:56.163308,1,,,100.0,2,,100.0,,0,Keep,Keep,4.473,0,SQ,21,0,1,7reoo3kl,,,,,0
58,23fsviqx,645ee0535d907605481e739d,0,32,32,Thanks,MyPage,2024-03-20 16:41:59.230923,1,,,50.0,1,,50.0,,1,Invest,Keep,0.89,0,SQ,48,0,1,7reoo3kl,,,,,0
59,8tcwisyu,62b2c25fa2e87e7ed2da2b87,0,32,32,Thanks,MyPage,2024-03-20 16:42:19.286768,1,,,100.0,2,,100.0,,0,Keep,Keep,3.215,0,SQ,12,0,1,7reoo3kl,,,,,0
60,ulcyqfs4,63039dbefda87c47a91fec04,0,32,32,Thanks,MyPage,2024-03-20 16:42:27.271579,1,,,200.0,1,,200.0,,0,Keep,Invest,3.182,0,SQ,36,0,1,7reoo3kl,,,,,0
61,b70awhxd,5db48b4d14dab8000de45fdf,0,32,32,Thanks,MyPage,2024-03-20 16:42:40.770352,1,,,100.0,2,,100.0,,0,Keep,Keep,6.775,0,SQ,37,0,1,7reoo3kl,,,,,0
62,sthrs6bv,63e2efb080652555c6d566cb,0,32,32,Thanks,MyPage,2024-03-20 16:42:41.111443,1,,,150.0,2,,150.0,,1,Invest,Invest,19.631,0,SQ,20,0,1,7reoo3kl,,,,,0
63,mvesea1j,652941642ad583dda3850fa9,0,6,32,Intro_SQ,TestPage,2024-03-20 16:42:57.534823,1,,,0.0,63,,0.0,,,Not yet,Not yet,,0,SQ,1,0,1,7reoo3kl,,,,,0
64,8lh4ewtx,5f3f5ad05ec7d1257993b196,0,4,32,Intro_SQ,GameIntroPage,2024-03-20 16:42:58.405897,1,,,0.0,64,,0.0,,,Not yet,Not yet,,0,SQ,1,0,1,7reoo3kl,,,,,0
65,7aq7enxq,5df2f36b617219204de98060,0,32,32,Thanks,MyPage,2024-03-20 16:43:05.736758,1,,,150.0,2,,150.0,,1,Invest,Invest,4.994,0,SQ,18,0,1,7reoo3kl,,,,,0
66,oiya3ec5,646ce077bee5dbbd60d98c23,0,32,32,Thanks,MyPage,2024-03-20 16:43:06.271324,1,,,150.0,1,,150.0,,1,Invest,Invest,3.145,0,SQ,16,0,1,7reoo3kl,,,,,0
67,nukwdjn9,5e88dd7a0febe805d3a120b6,0,32,32,Thanks,MyPage,2024-03-20 16:43:08.855987,1,,,50.0,1,,50.0,,1,Invest,Keep,2.341,0,SQ,38,0,1,7reoo3kl,,,,,0
68,hmcsgugg,5cbe04b4f429ff00159de30e,0,32,32,Thanks,MyPage,2024-03-20 16:43:13.494030,1,,,100.0,2,,100.0,,0,Keep,Keep,2.091,0,SQ,27,0,1,7reoo3kl,,,,,0
69,8al3uqov,5c1a9424a329230001ecaabd,0,32,32,Thanks,MyPage,2024-03-20 16:43:13.421216,1,,,150.0,2,,150.0,,1,Invest,Invest,4.558,0,SQ,14,0,1,7reoo3kl,,,,,0
70,akg01n6h,64345edc0fd9813bdd9ef181,0,19,32,not_completed,MyPage,2024-03-20 16:43:19.319984,1,,,0.0,2,,0.0,,,Not yet,Not yet,,0,SQ,39,1,1,7reoo3kl,,,,,0
71,cl0odx4q,5720a9f6fd3a5200113c1891,0,32,32,Thanks,MyPage,2024-03-20 16:43:20.778931,1,,,100.0,1,,100.0,,0,Keep,Keep,2.89,0,SQ,43,0,1,7reoo3kl,,,,,0
72,xvbyin7d,65a955a5b8f4c0e0d1f24e13,0,32,32,Thanks,MyPage,2024-03-20 16:43:21.391626,1,,,150.0,1,,150.0,,1,Invest,Invest,1.663,0,SQ,28,0,1,7reoo3kl,,,,,0
73,ovbvghbd,5c476621b521ee00019abf67,0,32,32,Thanks,MyPage,2024-03-20 16:43:21.474796,1,,,50.0,1,,50.0,,1,Invest,Keep,2.309,0,SQ,29,0,1,7reoo3kl,,,,,0
74,orc5x3rk,5c1e2dc92631ed0001040b23,0,32,32,Thanks,MyPage,2024-03-20 16:43:26.415347,1,,,100.0,1,,100.0,,0,Keep,Keep,2.96,0,SQ,33,0,1,7reoo3kl,,,,,0
75,bmbz7byy,65e8ad6fc0d7e3832cf02159,0,32,32,Thanks,MyPage,2024-03-20 16:43:26.824247,1,,,100.0,1,,100.0,,0,Keep,Keep,1.63,0,SQ,13,0,1,7reoo3kl,,,,,0
76,qwe9ljcy,63614899ad49a91f1ef09067,0,32,32,Thanks,MyPage,2024-03-20 16:43:26.907121,1,,,100.0,1,,100.0,,0,Keep,Keep,3.413,0,SQ,19,0,1,7reoo3kl,,,,,0
77,5006s820,5c748b9188fdc20017c60436,0,32,32,Thanks,MyPage,2024-03-20 16:43:28.408439,1,,,150.0,1,,150.0,,1,Invest,Invest,5.401,0,SQ,22,0,1,7reoo3kl,,,,,0
78,0ma8v2t5,60d13d406f3b34d6791c8831,0,32,32,Thanks,MyPage,2024-03-20 16:43:29.257261,1,,,50.0,1,,50.0,,1,Invest,Keep,2.289,0,SQ,24,0,1,7reoo3kl,,,,,0
79,mky6of2z,65ecbbfd7c441da2b07a6faa,0,32,32,Thanks,MyPage,2024-03-20 16:43:29.502376,1,,,100.0,2,,100.0,,0,Keep,Keep,18.765,0,SQ,33,0,1,7reoo3kl,,,,,0
80,4gmgg0l9,65ea1ff55977102030f4b184,0,32,32,Thanks,MyPage,2024-03-20 16:43:30.840323,1,,,150.0,2,,150.0,,1,Invest,Invest,5.115,0,SQ,28,0,1,7reoo3kl,,,,,0
81,h82cyxca,581e0aee4182b600017307ea,0,32,32,Thanks,MyPage,2024-03-20 16:43:31.282468,1,,,150.0,2,,150.0,,1,Invest,Invest,6.142,0,SQ,35,0,1,7reoo3kl,,,,,0
82,m4kqsv8s,61155a7ed7bb8ba7da579301,0,32,32,Thanks,MyPage,2024-03-20 16:43:34.935030,1,,,50.0,1,,50.0,,1,Invest,Keep,1.052,0,SQ,23,0,1,7reoo3kl,,,,,0
83,hq5x13s8,5dcc3ec7db13278d75c8622f,0,32,32,Thanks,MyPage,2024-03-20 16:43:37.818599,1,,,200.0,2,,200.0,,0,Keep,Invest,4.829,0,SQ,29,0,1,7reoo3kl,,,,,0
84,8q6c8upd,5ed2bb7a67d51b24b2ac4037,0,32,32,Thanks,MyPage,2024-03-20 16:43:39.561339,1,,,200.0,2,,200.0,,0,Keep,Invest,6.548,0,SQ,24,0,1,7reoo3kl,,,,,0
85,xbhx0uwp,63d13cb81a0a88a3ce29e33f,0,32,32,Thanks,MyPage,2024-03-20 16:43:50.013446,1,,,150.0,2,,150.0,,1,Invest,Invest,17.414,0,SQ,16,0,1,7reoo3kl,,,,,0
86,k6pk2mpm,6341a541b6cfd5f8933f48c4,0,32,32,Thanks,MyPage,2024-03-20 16:43:52.052243,1,,,150.0,2,,150.0,,1,Invest,Invest,3.561,0,SQ,41,0,1,7reoo3kl,,,,,0
87,l1cirm40,60fc2ec58ad0da367daee3c1,0,32,32,Thanks,MyPage,2024-03-20 16:43:53.182962,1,,,150.0,1,,150.0,,1,Invest,Invest,2.385,0,SQ,47,0,1,7reoo3kl,,,,,0
88,1d8vby8f,55b688fafdf99b26e287abd3,0,32,32,Thanks,MyPage,2024-03-20 16:43:56.965379,1,,,200.0,2,,200.0,,0,Keep,Invest,2.284,0,SQ,17,0,1,7reoo3kl,,,,,0
89,czz1y2e2,5ba596467c0ebe0001269842,0,32,32,Thanks,MyPage,2024-03-20 16:43:57.699835,1,,,100.0,2,,100.0,,0,Keep,Keep,4.945,0,SQ,19,0,1,7reoo3kl,,,,,0
90,0lhwgz96,611e6704567a73202f78bef7,0,32,32,Thanks,MyPage,2024-03-20 16:43:59.890844,1,,,100.0,1,,100.0,,0,Keep,Keep,10.904,0,SQ,26,0,1,7reoo3kl,,,,,0
91,1ue6z6na,63d193c45e01ccb694993e7f,0,32,32,Thanks,MyPage,2024-03-20 16:44:00.490504,1,,,100.0,1,,100.0,,0,Keep,Keep,2.272,0,SQ,27,0,1,7reoo3kl,,,,,0
92,uxjt2bj3,64a826f6220bf56dca731156,0,20,32,kicked_out,MyPage,2024-03-20 16:44:00.693568,1,,,0.0,1,,0.0,,,Not yet,Not yet,,1,SQ,50,1,1,7reoo3kl,,,,,0
93,hxh55tjl,63d176dbaef5e7827cd86954,0,32,32,Thanks,MyPage,2024-03-20 16:44:01.245779,1,,,150.0,1,,150.0,,1,Invest,Invest,36.62,0,SQ,35,0,1,7reoo3kl,,,,,0
94,qnb00py3,63ea974c81ff0fffe7fb8613,0,32,32,Thanks,MyPage,2024-03-20 16:44:02.877459,1,,,100.0,1,,100.0,,0,Keep,Keep,3.79,0,SQ,42,0,1,7reoo3kl,,,,,0
95,3hr39398,65aafa301d1aa8daf91f5bee,0,32,32,Thanks,MyPage,2024-03-20 16:44:05.492945,1,,,150.0,2,,150.0,,1,Invest,Invest,4.612,0,SQ,40,0,1,7reoo3kl,,,,,0
96,1o3er1zx,650d9893ce518e43bd90407f,0,32,32,Thanks,MyPage,2024-03-20 16:44:06.788673,1,,,100.0,2,,100.0,,0,Keep,Keep,3.975,0,SQ,26,0,1,7reoo3kl,,,,,0
97,5klqmbdk,5e46aa20caec81000b7d4f93,0,32,32,Thanks,MyPage,2024-03-20 16:44:07.817020,1,,,150.0,1,,150.0,,1,Invest,Invest,1.623,0,SQ,30,0,1,7reoo3kl,,,,,0
98,37af0jh0,65aee2cd05a6baf848046a4e,0,6,32,Intro_SQ,TestPage,2024-03-20 16:44:10.834776,1,,,0.0,98,,0.0,,,Not yet,Not yet,,0,SQ,1,0,1,7reoo3kl,,,,,0
99,h0lkuzpj,65b6bb9487ad05cb475fbba5,0,32,32,Thanks,MyPage,2024-03-20 16:44:10.626282,1,,,200.0,2,,200.0,,0,Keep,Invest,4.687,0,SQ,31,0,1,7reoo3kl,,,,,0
100,71ga45wn,5d4af0a71813250015d3c5c7,0,32,32,Thanks,MyPage,2024-03-20 16:44:10.973341,1,,,50.0,1,,50.0,,1,Invest,Keep,3.205,0,SQ,31,0,1,7reoo3kl,,,,,0
101,dji5wkyx,5a0efb83ab721b0001ef8509,0,32,32,Thanks,MyPage,2024-03-20 16:44:11.739151,1,,,150.0,2,,150.0,,1,Invest,Invest,4.154,0,SQ,30,0,1,7reoo3kl,,,,,0
102,kerxo4qf,5bcbd66377740000016a64b0,0,32,32,Thanks,MyPage,2024-03-20 16:44:19.611435,1,,,100.0,2,,100.0,,0,Keep,Keep,5.903,0,SQ,43,0,1,7reoo3kl,,,,,0
103,6e0ojfoy,62c84ca82b03c9aedbca4a2a,0,32,32,Thanks,MyPage,2024-03-20 16:44:20.312197,1,,,100.0,1,,100.0,,0,Keep,Keep,2.198,0,SQ,37,0,1,7reoo3kl,,,,,0
104,9odby404,65c2a014aee1fdd03fc0318f,0,32,32,Thanks,MyPage,2024-03-20 16:44:31.430588,1,,,200.0,2,,200.0,,0,Keep,Invest,12.159,0,SQ,38,0,1,7reoo3kl,,,,,0
105,j4gyrxy1,640ff49e2b13337a14256899,0,32,32,Thanks,MyPage,2024-03-20 16:44:33.276147,1,,,200.0,1,,200.0,,0,Keep,Invest,1.578,0,SQ,49,0,1,7reoo3kl,,,,,0
106,3l0mwr8z,61254fba095b9df425e816ea,0,32,32,Thanks,MyPage,2024-03-20 16:44:41.110162,1,,,150.0,1,,150.0,,1,Invest,Invest,4.95,0,SQ,40,0,1,7reoo3kl,,,,,0
107,r0grymqq,5b0d1b8e444cef0001ca66ac,0,32,32,Thanks,MyPage,2024-03-20 16:45:08.203751,1,,,150.0,2,,150.0,,1,Invest,Invest,5.216,0,SQ,32,0,1,7reoo3kl,,,,,0
108,tfbhfwun,647fbfa8a2c006cbd09a7166,0,32,32,Thanks,MyPage,2024-03-20 16:45:23.070443,1,,,100.0,2,,100.0,,0,Keep,Keep,6.202,0,SQ,42,0,1,7reoo3kl,,,,,0
109,cc3z1qkk,637d58b9dd14dc68ba68920a,0,32,32,Thanks,MyPage,2024-03-20 16:47:46.876275,1,,,50.0,2,,50.0,,1,Invest,Keep,1.431,0,SQ,49,0,1,7reoo3kl,,,,,0
110,9iy9gehm,628f827eeb876ed2617881e7,0,19,32,not_completed,MyPage,2024-03-20 16:50:57.433755,1,,,0.0,2,,0.0,,,Not yet,Not yet,,0,SQ,46,1,1,7reoo3kl,,,,,0
111,sp0lfnn3,607cbf385d3202721e3f719f,0,32,32,Thanks,MyPage,2024-03-20 16:53:47.495847,1,,,150.0,2,,150.0,,1,Invest,Invest,10.283,0,SQ,47,0,1,7reoo3kl,,,,,0
112,y7e4uszt,614e2b2bd900d5f91096ac12,0,32,32,Thanks,MyPage,2024-03-20 16:55:18.805712,1,,,150.0,1,,150.0,,1,Invest,Invest,3.749,0,SQ,45,0,1,7reoo3kl,,,,,0
113,ry6xehoe,,0,0,32,,,,0,,,0.0,113,,0.0,,,Not yet,Not yet,,0,SQ,1,0,1,7reoo3kl,,,,,0
114,eauo6zna,,0,0,32,,,,0,,,0.0,114,,0.0,,,Not yet,Not yet,,0,SQ,1,0,1,7reoo3kl,,,,,0
115,bbfro75l,,0,0,32,,,,0,,,0.0,115,,0.0,,,Not yet,Not yet,,0,SQ,1,0,1,7reoo3kl,,,,,0
116,74pzyrqt,,0,0,32,,,,0,,,0.0,116,,0.0,,,Not yet,Not yet,,0,SQ,1,0,1,7reoo3kl,,,,,0
117,hoshg252,,0,0,32,,,,0,,,0.0,117,,0.0,,,Not yet,Not yet,,0,SQ,1,0,1,7reoo3kl,,,,,0
118,0c50s6ut,,0,0,32,,,,0,,,0.0,118,,0.0,,,Not yet,Not yet,,0,SQ,1,0,1,7reoo3kl,,,,,0
119,6ag8p8zq,,0,0,32,,,,0,,,0.0,119,,0.0,,,Not yet,Not yet,,0,SQ,1,0,1,7reoo3kl,,,,,0
120,5j78znc3,,0,0,32,,,,0,,,0.0,120,,0.0,,,Not yet,Not yet,,0,SQ,1,0,1,7reoo3kl,,,,,0
121,whysnqn8,,0,0,32,,,,0,,,0.0,121,,0.0,,,Not yet,Not yet,,0,SQ,1,0,1,7reoo3kl,,,,,0
122,6v5mjig6,,0,0,32,,,,0,,,0.0,122,,0.0,,,Not yet,Not yet,,0,SQ,1,0,1,7reoo3kl,,,,,0
123,t2k7lels,,0,0,32,,,,0,,,0.0,123,,0.0,,,Not yet,Not yet,,0,SQ,1,0,1,7reoo3kl,,,,,0
124,hylhdk0d,,0,0,32,,,,0,,,0.0,124,,0.0,,,Not yet,Not yet,,0,SQ,1,0,1,7reoo3kl,,,,,0
125,8v2himc3,,0,0,32,,,,0,,,0.0,125,,0.0,,,Not yet,Not yet,,0,SQ,1,0,1,7reoo3kl,,,,,0
126,esd7rtfh,,0,0,32,,,,0,,,0.0,126,,0.0,,,Not yet,Not yet,,0,SQ,1,0,1,7reoo3kl,,,,,0
127,t3kxxe1w,,0,0,32,,,,0,,,0.0,127,,0.0,,,Not yet,Not yet,,0,SQ,1,0,1,7reoo3kl,,,,,0
128,u0g1cuui,,0,0,32,,,,0,,,0.0,128,,0.0,,,Not yet,Not yet,,0,SQ,1,0,1,7reoo3kl,,,,,0
129,0tgggobc,,0,0,32,,,,0,,,0.0,129,,0.0,,,Not yet,Not yet,,0,SQ,1,0,1,7reoo3kl,,,,,0
130,hffjep6u,,0,0,32,,,,0,,,0.0,130,,0.0,,,Not yet,Not yet,,0,SQ,1,0,1,7reoo3kl,,,,,0
1,n86hlqxj,63c515f70542e2ff1937031b,0,1,32,Consent_general,ConsentPage,2024-03-20 18:03:48.233308,1,,,0.0,1,,0.0,,,Not yet,Not yet,,0,SQ,1,0,1,pwzoezhd,,,,,0
2,yihs8alq,5c36e40e299f82000103ce0a,0,32,32,Thanks,MyPage,2024-03-20 18:13:33.600148,1,,,100.0,2,,100.0,,0,Keep,Keep,3.298,0,SQ,14,0,1,pwzoezhd,,,,,0
3,5j1v6y3e,5ededc7ab3595e17ef9533df,0,32,32,Thanks,MyPage,2024-03-20 18:13:34.305039,1,,,200.0,2,,200.0,,0,Keep,Invest,2.91,0,SQ,4,0,1,pwzoezhd,,,,,0
4,q5gs8h3w,5fd66ce8aec66457ff73d743,0,32,32,Thanks,MyPage,2024-03-20 18:13:37.329571,1,,,100.0,1,,100.0,,0,Keep,Keep,1.88,0,SQ,8,0,1,pwzoezhd,,,,,0
5,iomxvefl,610729d5507a50dd1db1246f,0,32,32,Thanks,MyPage,2024-03-20 18:13:40.061065,1,,,150.0,1,,150.0,,1,Invest,Invest,1.188,0,SQ,11,0,1,pwzoezhd,,,,,0
6,4n7x17jz,604011377e5b121dc3267a3e,0,32,32,Thanks,MyPage,2024-03-20 18:13:40.313271,1,,,100.0,1,,100.0,,0,Keep,Keep,17.328,0,SQ,7,0,1,pwzoezhd,,,,,0
7,cbrgqi2g,6579d5a22e0a15c71dd52086,0,32,32,Thanks,MyPage,2024-03-20 18:13:40.792226,1,,,100.0,1,,100.0,,0,Keep,Keep,2.163,0,SQ,12,0,1,pwzoezhd,,,,,0
8,u12bdjv8,5dc474fd45b8f933f16d6241,0,32,32,Thanks,MyPage,2024-03-20 18:13:41.203952,1,,,150.0,2,,150.0,,1,Invest,Invest,4.485,0,SQ,9,0,1,pwzoezhd,,,,,0
9,qmds2f0j,6584aa4023ce9a5ec9b7dd37,0,32,32,Thanks,MyPage,2024-03-20 18:13:46.494872,1,,,100.0,2,,100.0,,0,Keep,Keep,10.213,0,SQ,5,0,1,pwzoezhd,,,,,0
10,vavexrgu,1380OT7312ym9Z9LD9q9nO67,0,1,32,Consent_general,ConsentPage,2024-03-20 18:13:48.480520,1,,,0.0,10,,0.0,,,Not yet,Not yet,,0,SQ,1,0,1,pwzoezhd,,,,,0
11,t0ffhnvy,5fbb2540b981f7c1e0fca5ff,0,32,32,Thanks,MyPage,2024-03-20 18:13:48.929715,1,,,150.0,2,,150.0,,1,Invest,Invest,19.767,0,SQ,18,0,1,pwzoezhd,,,,,0
12,1zehc2ue,63f794e7d8d24753edbbb136,0,32,32,Thanks,MyPage,2024-03-20 18:13:49.659770,1,,,150.0,2,,150.0,,1,Invest,Invest,2.559,0,SQ,26,0,1,pwzoezhd,,,,,0
13,eme7al2e,60dfd857e293a99dd577f4c8,0,32,32,Thanks,MyPage,2024-03-20 18:13:51.795649,1,,,150.0,1,,150.0,,1,Invest,Invest,2.857,0,SQ,20,0,1,pwzoezhd,,,,,0
14,ws5ticbh,63e5a6690eeedc20da056717,0,32,32,Thanks,MyPage,2024-03-20 18:13:52.897113,1,,,100.0,2,,100.0,,0,Keep,Keep,3.601,0,SQ,7,0,1,pwzoezhd,,,,,0
15,wuxz124y,64509bfcd8d8b7e61f801e95,0,2,32,Consent_general,GeneralIntroPage,2024-03-20 18:13:53.090515,1,,,0.0,15,,0.0,,,Not yet,Not yet,,0,SQ,1,0,1,pwzoezhd,,,,,0
16,wvayrwqx,5e9893ed5638a10bda112333,0,32,32,Thanks,MyPage,2024-03-20 18:13:53.491841,1,,,50.0,1,,50.0,,1,Invest,Keep,1.004,0,SQ,4,0,1,pwzoezhd,,,,,0
17,qqslg1cv,65b574d703587ccea5f0b519,0,32,32,Thanks,MyPage,2024-03-20 18:13:53.731495,1,,,150.0,1,,150.0,,1,Invest,Invest,5.993,0,SQ,24,0,1,pwzoezhd,,,,,0
18,tdnxp2ca,13g0O7731EymlZ97DL695667,0,1,32,Consent_general,ConsentPage,2024-03-20 18:13:54.992797,1,,,0.0,18,,0.0,,,Not yet,Not yet,,0,SQ,1,0,1,pwzoezhd,,,,,0
19,3x34p1uk,5f6fd1451758e95a989623b2,0,32,32,Thanks,MyPage,2024-03-20 18:13:56.371057,1,,,150.0,1,,150.0,,1,Invest,Invest,5.486,0,SQ,18,0,1,pwzoezhd,,,,,0
20,mhtz5gzl,63d42902a85ae3e7b4920266,0,32,32,Thanks,MyPage,2024-03-20 18:13:57.674396,1,,,100.0,2,,100.0,,0,Keep,Keep,3.093,0,SQ,3,0,1,pwzoezhd,,,,,0
21,4optml96,5de260b9553cee28d97b058d,0,32,32,Thanks,MyPage,2024-03-20 18:13:58.787659,1,,,150.0,1,,150.0,,1,Invest,Invest,2.111,0,SQ,6,0,1,pwzoezhd,,,,,0
22,5kohklmf,56c113f6eb5b22000d5baa6f,0,4,32,Intro_SQ,GameIntroPage,2024-03-20 18:13:59.552439,1,,,0.0,22,,0.0,,,Not yet,Not yet,,0,SQ,1,0,1,pwzoezhd,,,,,0
23,f802i5oo,5b997f71eee17800012d747a,0,32,32,Thanks,MyPage,2024-03-20 18:14:00.968112,1,,,100.0,2,,100.0,,0,Keep,Keep,5.846,0,SQ,12,0,1,pwzoezhd,,,,,0
24,vmjrt53e,56875435369319000c26947d,0,32,32,Thanks,MyPage,2024-03-20 18:14:02.936085,1,,,200.0,2,,200.0,,0,Keep,Invest,2.076,0,SQ,2,0,1,pwzoezhd,,,,,0
25,5etm8dp2,5d89106d1719af0001ee23e5,0,32,32,Thanks,MyPage,2024-03-20 18:14:05.361940,1,,,150.0,1,,150.0,,1,Invest,Invest,6.899,0,SQ,19,0,1,pwzoezhd,,,,,0
26,qwd0tbc1,654fc6eb3097bf717a4a4ead,0,6,32,Intro_SQ,TestPage,2024-03-20 18:14:06.108169,1,,,0.0,26,,0.0,,,Not yet,Not yet,,0,SQ,1,0,1,pwzoezhd,,,,,0
27,74rhyiso,6567e5ab716b73eaff1ff2a6,0,32,32,Thanks,MyPage,2024-03-20 18:14:07.838350,1,,,50.0,1,,50.0,,1,Invest,Keep,3.885,0,SQ,2,0,1,pwzoezhd,,,,,0
28,5994h4fn,63f779f8e3d660cb75774fe8,0,32,32,Thanks,MyPage,2024-03-20 18:14:09.415006,1,,,150.0,1,,150.0,,1,Invest,Invest,3.355,0,SQ,13,0,1,pwzoezhd,,,,,0
29,ff4ag60n,6462e0c6e0c667845c37ec7a,0,6,32,Intro_SQ,TestPage,2024-03-20 18:14:10.054631,1,,,0.0,29,,0.0,,,Not yet,Not yet,,0,SQ,1,0,1,pwzoezhd,,,,,0
30,j85taxqe,62897d2024f826ea90b7efa1,0,4,32,Intro_SQ,GameIntroPage,2024-03-20 18:14:10.436926,1,,,0.0,30,,0.0,,,Not yet,Not yet,,0,SQ,1,0,1,pwzoezhd,,,,,0
31,xtal38g9,628f7e982aad1788d940317a,0,32,32,Thanks,MyPage,2024-03-20 18:14:10.685998,1,,,150.0,1,,150.0,,1,Invest,Invest,13.06,0,SQ,22,0,1,pwzoezhd,,,,,0
32,9g3f37ip,6414da4319877aa1e31c301b,0,32,32,Thanks,MyPage,2024-03-20 18:14:10.692646,1,,,100.0,1,,100.0,,0,Keep,Keep,8.832,0,SQ,5,0,1,pwzoezhd,,,,,0
33,or9h30wd,5efcce586913680d063d7c5f,0,32,32,Thanks,MyPage,2024-03-20 18:14:11.932974,1,,,150.0,2,,150.0,,1,Invest,Invest,13.813,0,SQ,10,0,1,pwzoezhd,,,,,0
34,q1dzb69z,5d612ae16512d700159face7,0,32,32,Thanks,MyPage,2024-03-20 18:14:11.774945,1,,,100.0,1,,100.0,,0,Keep,Keep,3.078,0,SQ,23,0,1,pwzoezhd,,,,,0
35,dpdyvo0t,5aa3ba9bdbdb470001ef40c7,0,6,32,Intro_SQ,TestPage,2024-03-20 18:14:15.996655,1,,,0.0,35,,0.0,,,Not yet,Not yet,,0,SQ,1,0,1,pwzoezhd,,,,,0
36,o6udfctd,5c01d3c509e9c70001500b10,0,32,32,Thanks,MyPage,2024-03-20 18:14:17.564614,1,,,100.0,2,,100.0,,0,Keep,Keep,4.636,0,SQ,8,0,1,pwzoezhd,,,,,0
37,xhxs74xh,61632b52ab37a7fde834300f,0,32,32,Thanks,MyPage,2024-03-20 18:14:19.345260,1,,,150.0,1,,150.0,,1,Invest,Invest,2.386,0,SQ,17,0,1,pwzoezhd,,,,,0
38,r8v3rquc,5d3899e31c8fb9001ca6183c,0,32,32,Thanks,MyPage,2024-03-20 18:14:20.273589,1,,,100.0,1,,100.0,,0,Keep,Keep,1.671,0,SQ,3,0,1,pwzoezhd,,,,,0
39,anwefuxl,63bef4ddef5b4d7295effbbd,0,32,32,Thanks,MyPage,2024-03-20 18:14:20.298073,1,,,150.0,2,,150.0,,1,Invest,Invest,5.409,0,SQ,17,0,1,pwzoezhd,,,,,0
40,isbomlnq,6166c0eb123b6e8b34628249,0,32,32,Thanks,MyPage,2024-03-20 18:14:20.537908,1,,,150.0,2,,150.0,,1,Invest,Invest,6.808,0,SQ,20,0,1,pwzoezhd,,,,,0
41,n5r7jps7,63ea7e60bdd3090eb4b0dcc5,0,32,32,Thanks,MyPage,2024-03-20 18:14:21.296899,1,,,150.0,2,,150.0,,1,Invest,Invest,4.248,0,SQ,15,0,1,pwzoezhd,,,,,0
42,in4xxdk1,646f77d9a7d75c8264dba865,0,32,32,Thanks,MyPage,2024-03-20 18:14:21.395273,1,,,150.0,2,,150.0,,1,Invest,Invest,7.074,0,SQ,13,0,1,pwzoezhd,,,,,0
43,atlriyyx,659418d3eaee26bfa4ea8d46,0,6,32,Intro_SQ,TestPage,2024-03-20 18:14:21.697760,1,,,0.0,43,,0.0,,,Not yet,Not yet,,0,SQ,1,0,1,pwzoezhd,,,,,0
44,14w5uaqy,5700616b8a49c7000d0c73ad,0,32,32,Thanks,MyPage,2024-03-20 18:14:23.524711,1,,,150.0,2,,150.0,,1,Invest,Invest,4.169,0,SQ,16,0,1,pwzoezhd,,,,,0
45,w2wl8xoi,65f3c382e630ca372dfcbff7,0,32,32,Thanks,MyPage,2024-03-20 18:14:24.575625,1,,,150.0,2,,150.0,,1,Invest,Invest,4.485,0,SQ,11,0,1,pwzoezhd,,,,,0
46,v9d0a7du,65d754b51c2c43aa8c7c62a0,0,32,32,Thanks,MyPage,2024-03-20 18:14:25.891384,1,,,150.0,1,,150.0,,1,Invest,Invest,3.401,0,SQ,15,0,1,pwzoezhd,,,,,0
47,2312rfyn,5f80c3b14dc3ba1509305a89,0,32,32,Thanks,MyPage,2024-03-20 18:14:25.970430,1,,,150.0,1,,150.0,,1,Invest,Invest,1.555,0,SQ,16,0,1,pwzoezhd,,,,,0
48,qgwjq4xt,5f048fdc0aea5b0ae3215fc9,0,32,32,Thanks,MyPage,2024-03-20 18:14:27.530607,1,,,200.0,2,,200.0,,0,Keep,Invest,3.147,0,SQ,27,0,1,pwzoezhd,,,,,0
49,90olmsu1,63d7a6a997f03198526a1941,0,20,32,kicked_out,MyPage,2024-03-20 18:14:28.429581,1,,,0.0,1,,0.0,,,Not yet,Not yet,,1,SQ,40,1,1,pwzoezhd,,,,,0
50,axx66ad7,5f6b8930b9d9530b1b065360,0,32,32,Thanks,MyPage,2024-03-20 18:14:28.994510,1,,,150.0,1,,150.0,,1,Invest,Invest,3.164,0,SQ,10,0,1,pwzoezhd,,,,,0
51,ozbo9g1o,60a7c4434b322876925afaa3,0,32,32,Thanks,MyPage,2024-03-20 18:14:29.349638,1,,,150.0,2,,150.0,,1,Invest,Invest,16.356,0,SQ,19,0,1,pwzoezhd,,,,,0
52,aiv3fvqu,655fb267d98c83d9b05df214,0,32,32,Thanks,MyPage,2024-03-20 18:14:31.821343,1,,,150.0,2,,150.0,,1,Invest,Invest,2.929,0,SQ,21,0,1,pwzoezhd,,,,,0
53,che4ozni,60fed406a332a1fea309d329,0,32,32,Thanks,MyPage,2024-03-20 18:14:33.000496,1,,,150.0,2,,150.0,,1,Invest,Invest,3.608,0,SQ,6,0,1,pwzoezhd,,,,,0
54,h5cj9d2m,65915b8182ff025a05fdd937,0,6,32,Intro_SQ,TestPage,2024-03-20 18:14:42.098713,1,,,0.0,54,,0.0,,,Not yet,Not yet,,0,SQ,1,0,1,pwzoezhd,,,,,0
55,7uavewq1,5e863db644d87426bbe2e92a,0,32,32,Thanks,MyPage,2024-03-20 18:14:44.028944,1,,,150.0,2,,150.0,,1,Invest,Invest,7.614,0,SQ,22,0,1,pwzoezhd,,,,,0
56,1a292j57,6361483717c4df2ebf189d07,0,8,32,Play_SQ,PairingWaitPage,2024-03-20 18:14:49.279092,1,,,0.0,56,,0.0,,,Not yet,Not yet,,0,SQ,1,0,1,pwzoezhd,,,,,0
57,h8zuuyx3,5e6fe86f7245355b33d7b045,0,32,32,Thanks,MyPage,2024-03-20 18:15:08.464015,1,,,150.0,1,,150.0,,1,Invest,Invest,12.058,0,SQ,9,0,1,pwzoezhd,,,,,0
58,hlbldk0o,6400d898fba673e3167299c9,0,32,32,Thanks,MyPage,2024-03-20 18:15:17.759479,1,,,100.0,2,,100.0,,0,Keep,Keep,6.003,0,SQ,25,0,1,pwzoezhd,,,,,0
59,42jorwc7,5758a78d768081000631a322,0,32,32,Thanks,MyPage,2024-03-20 18:16:11.024054,1,,,150.0,2,,150.0,,1,Invest,Invest,5.712,0,SQ,24,0,1,pwzoezhd,,,,,0
60,6uh6r2za,60477705b440ae26c4aaf5bb,0,32,32,Thanks,MyPage,2024-03-20 18:16:43.628451,1,,,100.0,1,,100.0,,0,Keep,Keep,4.757,0,SQ,14,0,1,pwzoezhd,,,,,0
61,4ufktymb,65c638efeb5c7fba9738758b,0,32,32,Thanks,MyPage,2024-03-20 18:16:45.736447,1,,,150.0,1,,150.0,,1,Invest,Invest,0.932,0,SQ,21,0,1,pwzoezhd,,,,,0
62,kha91wdd,58a229e74d580c0001e0a766,0,32,32,Thanks,MyPage,2024-03-20 18:18:30.346891,1,,,100.0,2,,100.0,,0,Keep,Keep,5.051,0,SQ,23,0,1,pwzoezhd,,,,,0
63,8cv3xxws,5ee5e3b02eebe932ee9559c5,0,32,32,Thanks,MyPage,2024-03-20 18:19:16.840584,1,,,200.0,2,,200.0,,0,Keep,Invest,10.295,0,SQ,31,0,1,pwzoezhd,,,,,0
64,ojgh49wf,65cbc27063ac644fa7970aaa,0,32,32,Thanks,MyPage,2024-03-20 18:22:30.326525,1,,,50.0,1,,50.0,,1,Invest,Keep,10.811,0,SQ,31,0,1,pwzoezhd,,,,,0
65,gixj6xk9,5c40e7d99d27f00001159a65,0,32,32,Thanks,MyPage,2024-03-20 18:24:42.402928,1,,,150.0,1,,150.0,,1,Invest,Invest,1.078,0,SQ,41,0,1,pwzoezhd,,,,,0
66,hmzsaowa,5f0d2ad60ad0d6730c380b05,0,32,32,Thanks,MyPage,2024-03-20 18:24:46.097966,1,,,100.0,2,,100.0,,0,Keep,Keep,8.301,0,SQ,44,0,1,pwzoezhd,,,,,0
67,imuax3gv,65d2f996341d070378ca56ec,0,32,32,Thanks,MyPage,2024-03-20 18:24:48.158274,1,,,150.0,2,,150.0,,1,Invest,Invest,4.266,0,SQ,42,0,1,pwzoezhd,,,,,0
68,4456qcuj,5a84f454ae9a0b0001a9e4e5,0,32,32,Thanks,MyPage,2024-03-20 18:24:48.747048,1,,,150.0,2,,150.0,,1,Invest,Invest,4.305,0,SQ,36,0,1,pwzoezhd,,,,,0
69,4hxgt8bb,65c25e3de8b230c294f2b32c,0,6,32,Intro_SQ,TestPage,2024-03-20 18:24:48.753922,1,,,0.0,69,,0.0,,,Not yet,Not yet,,0,SQ,1,0,1,pwzoezhd,,,,,0
70,2sdvpisd,6175e05636b79082f8d345c5,0,32,32,Thanks,MyPage,2024-03-20 18:24:51.220680,1,,,150.0,1,,150.0,,1,Invest,Invest,1.542,0,SQ,32,0,1,pwzoezhd,,,,,0
71,ttwt1yzk,5beccd423b6489000156596f,0,32,32,Thanks,MyPage,2024-03-20 18:24:54.247340,1,,,100.0,1,,100.0,,0,Keep,Keep,5.373,0,SQ,28,0,1,pwzoezhd,,,,,0
72,v5th5ckq,62740cf8e39eba1055ef571b,0,32,32,Thanks,MyPage,2024-03-20 18:24:54.883672,1,,,100.0,2,,100.0,,0,Keep,Keep,24.848,0,SQ,45,0,1,pwzoezhd,,,,,0
73,tcot2czp,63d8352e4565d58f6e88cf09,0,6,32,Intro_SQ,TestPage,2024-03-20 18:24:56.372222,1,,,0.0,73,,0.0,,,Not yet,Not yet,,0,SQ,1,0,1,pwzoezhd,,,,,0
74,l6g2ovtl,65ed5c04d3445a64eb3c3aff,0,32,32,Thanks,MyPage,2024-03-20 18:24:58.212978,1,,,200.0,2,,200.0,,0,Keep,Invest,6.24,0,SQ,30,0,1,pwzoezhd,,,,,0
75,aq7mbssd,65d942ce4ea2fe978c283416,0,32,32,Thanks,MyPage,2024-03-20 18:24:58.419362,1,,,100.0,1,,100.0,,0,Keep,Keep,31.796,0,SQ,44,0,1,pwzoezhd,,,,,0
76,go8vdes6,60fb534aa3d839c152fa8f36,0,32,32,Thanks,MyPage,2024-03-20 18:24:59.861724,1,,,50.0,1,,50.0,,1,Invest,Keep,1.019,0,SQ,27,0,1,pwzoezhd,,,,,0
77,vt508wj3,63e461c4bdc3693c05d515a1,0,6,32,Intro_SQ,TestPage,2024-03-20 18:25:01.342845,1,,,0.0,77,,0.0,,,Not yet,Not yet,,0,SQ,1,0,1,pwzoezhd,,,,,0
78,wc8tftyo,64a0240af7461068d2e1e1c0,0,32,32,Thanks,MyPage,2024-03-20 18:25:01.830302,1,,,100.0,1,,100.0,,0,Keep,Keep,1.822,0,SQ,35,0,1,pwzoezhd,,,,,0
79,af9kogwa,62728884995a1a76605d0214,0,32,32,Thanks,MyPage,2024-03-20 18:25:02.264986,1,,,100.0,1,,100.0,,0,Keep,Keep,4.417,0,SQ,45,0,1,pwzoezhd,,,,,0
80,1yb146ae,6483f9ebf7986bdbdbc0598c,0,6,32,Intro_SQ,TestPage,2024-03-20 18:25:03.734054,1,,,0.0,80,,0.0,,,Not yet,Not yet,,0,SQ,1,0,1,pwzoezhd,,,,,0
81,j4kvrnen,5dd42e7f35cf744223c60d1b,0,32,32,Thanks,MyPage,2024-03-20 18:25:06.656679,1,,,150.0,2,,150.0,,1,Invest,Invest,7.844,0,SQ,34,0,1,pwzoezhd,,,,,0
82,61pdygnn,63d29a1e50cf0f82998d2564,0,32,32,Thanks,MyPage,2024-03-20 18:25:06.905368,1,,,200.0,2,,200.0,,0,Keep,Invest,5.196,0,SQ,33,0,1,pwzoezhd,,,,,0
83,eq9gluo1,5f1231fe9e2ee916995196d8,0,32,32,Thanks,MyPage,2024-03-20 18:25:06.719827,1,,,100.0,1,,100.0,,0,Keep,Keep,1.116,0,SQ,25,0,1,pwzoezhd,,,,,0
84,ge35anhj,62d59a066ee263bb659aa445,0,6,32,Intro_SQ,TestPage,2024-03-20 18:25:06.935909,1,,,0.0,84,,0.0,,,Not yet,Not yet,,0,SQ,1,0,1,pwzoezhd,,,,,0
85,8bywnj3v,63220fb95b15e676e19d7af8,0,32,32,Thanks,MyPage,2024-03-20 18:25:08.762072,1,,,150.0,2,,150.0,,1,Invest,Invest,9.002,0,SQ,32,0,1,pwzoezhd,,,,,0
86,at13mdyd,63671bfc81a5eca4218b6417,0,32,32,Thanks,MyPage,2024-03-20 18:25:10.196529,1,,,150.0,2,,150.0,,1,Invest,Invest,6.237,0,SQ,37,0,1,pwzoezhd,,,,,0
87,oz0ownu3,63686d18c3ed2b47b0bc5d21,0,32,32,Thanks,MyPage,2024-03-20 18:25:11.119873,1,,,150.0,2,,150.0,,1,Invest,Invest,32.023,0,SQ,29,0,1,pwzoezhd,,,,,0
88,dve375y8,652006858bb3d4e2d080c759,0,32,32,Thanks,MyPage,2024-03-20 18:25:16.070572,1,,,200.0,2,,200.0,,0,Keep,Invest,6.901,0,SQ,47,0,1,pwzoezhd,,,,,0
89,xozxacyt,5d012930cfeb82001817c9c9,0,32,32,Thanks,MyPage,2024-03-20 18:25:15.534682,1,,,50.0,1,,50.0,,1,Invest,Keep,1.315,0,SQ,47,0,1,pwzoezhd,,,,,0
90,lqmf8hto,5dd6a565f30aa662cba3d8de,0,32,32,Thanks,MyPage,2024-03-20 18:25:16.972780,1,,,150.0,2,,150.0,,1,Invest,Invest,6.797,0,SQ,39,0,1,pwzoezhd,,,,,0
91,4tdbjuza,65b284df91ee570e25ba50a3,0,32,32,Thanks,MyPage,2024-03-20 18:25:17.703098,1,,,50.0,1,,50.0,,1,Invest,Keep,2.225,0,SQ,33,0,1,pwzoezhd,,,,,0
92,pda9j9em,622a0d9a4f5132ad78e5f1b6,0,4,32,Intro_SQ,GameIntroPage,2024-03-20 18:25:18.221014,1,,,0.0,92,,0.0,,,Not yet,Not yet,,0,SQ,1,0,1,pwzoezhd,,,,,0
93,ds9bwa8f,603ecd847a63f50124aa5822,0,4,32,Intro_SQ,GameIntroPage,2024-03-20 18:25:20.237852,1,,,0.0,93,,0.0,,,Not yet,Not yet,,0,SQ,1,0,1,pwzoezhd,,,,,0
94,pgzod3xb,612fa6644526903f736cf925,0,32,32,Thanks,MyPage,2024-03-20 18:25:20.373502,1,,,150.0,1,,150.0,,1,Invest,Invest,2.167,0,SQ,39,0,1,pwzoezhd,,,,,0
95,i9flnr6c,5c95493ddd325800166f838a,0,32,32,Thanks,MyPage,2024-03-20 18:25:21.001740,1,,,100.0,1,,100.0,,0,Keep,Keep,2.216,0,SQ,46,0,1,pwzoezhd,,,,,0
96,y3kods2b,5a07a6af002e1800019d6aab,0,32,32,Thanks,MyPage,2024-03-20 18:25:21.169054,1,,,150.0,1,,150.0,,1,Invest,Invest,2.896,0,SQ,36,0,1,pwzoezhd,,,,,0
97,jlccd2b7,5b5c3b266b25590001778ea1,0,32,32,Thanks,MyPage,2024-03-20 18:25:22.023388,1,,,100.0,2,,100.0,,0,Keep,Keep,2.548,0,SQ,28,0,1,pwzoezhd,,,,,0
98,olu4uq29,65cb9647cc2e13efe96b4cf0,0,32,32,Thanks,MyPage,2024-03-20 18:25:23.125642,1,,,150.0,1,,150.0,,1,Invest,Invest,2.249,0,SQ,34,0,1,pwzoezhd,,,,,0
99,2whhaos7,645466e1bd17070ac5692eaf,0,6,32,Intro_SQ,TestPage,2024-03-20 18:25:24.447496,1,,,0.0,99,,0.0,,,Not yet,Not yet,,0,SQ,1,0,1,pwzoezhd,,,,,0
100,08y8qq2j,65cb89ff41f626287ba0d83e,0,32,32,Thanks,MyPage,2024-03-20 18:25:24.441454,1,,,150.0,1,,150.0,,1,Invest,Invest,1.661,0,SQ,26,0,1,pwzoezhd,,,,,0
101,ufbaxea9,5ee232f2b970662cfa352567,0,32,32,Thanks,MyPage,2024-03-20 18:25:28.556588,1,,,150.0,1,,150.0,,1,Invest,Invest,4.673,0,SQ,29,0,1,pwzoezhd,,,,,0
102,ln27opx7,612b86da38f96808af7bb1da,0,32,32,Thanks,MyPage,2024-03-20 18:25:30.244583,1,,,50.0,2,,50.0,,1,Invest,Keep,16.279,0,SQ,43,0,1,pwzoezhd,,,,,0
103,auq750d6,6135e00cdb42bb8c6bc32b71,0,32,32,Thanks,MyPage,2024-03-20 18:25:32.562258,1,,,150.0,1,,150.0,,1,Invest,Invest,2.476,0,SQ,37,0,1,pwzoezhd,,,,,0
104,e950py15,64a281f78c5be10f0f28e3ac,0,19,32,not_completed,MyPage,2024-03-20 18:25:54.250436,1,,,0.0,2,,0.0,,,Not yet,Not yet,,0,SQ,40,1,1,pwzoezhd,,,,,0
105,ael68iiz,652d8a4cd08c6435db58fd9b,0,32,32,Thanks,MyPage,2024-03-20 18:25:44.547701,1,,,150.0,2,,150.0,,1,Invest,Invest,4.489,0,SQ,38,0,1,pwzoezhd,,,,,0
106,occr3zdx,65f4de464a8635751f0c14f2,0,32,32,Thanks,MyPage,2024-03-20 18:25:44.966071,1,,,200.0,1,,200.0,,0,Keep,Invest,3.148,0,SQ,43,0,1,pwzoezhd,,,,,0
107,rm54fs8r,65ce18b63ce930c2ffb8b8e9,0,32,32,Thanks,MyPage,2024-03-20 18:25:52.877699,1,,,100.0,2,,100.0,,0,Keep,Keep,3.254,0,SQ,35,0,1,pwzoezhd,,,,,0
108,ik4ssdcj,65837158eeba09ad03e97f7d,0,32,32,Thanks,MyPage,2024-03-20 18:25:53.094500,1,,,150.0,1,,150.0,,1,Invest,Invest,9.794,0,SQ,38,0,1,pwzoezhd,,,,,0
109,tzurelnh,5a6c8047e70ca900017acdae,0,32,32,Thanks,MyPage,2024-03-20 18:26:34.108521,1,,,50.0,1,,50.0,,1,Invest,Keep,1.581,0,SQ,30,0,1,pwzoezhd,,,,,0
110,62gzrb82,65ca9c729a13f898ae374552,0,32,32,Thanks,MyPage,2024-03-20 18:27:18.871158,1,,,150.0,1,,150.0,,1,Invest,Invest,2.651,0,SQ,48,0,1,pwzoezhd,,,,,0
111,c6q7h0th,638a3fd5992f01b81d0e1e93,0,32,32,Thanks,MyPage,2024-03-20 18:27:21.305014,1,,,150.0,2,,150.0,,1,Invest,Invest,10.954,0,SQ,48,0,1,pwzoezhd,,,,,0
112,kvbhw5sq,657dd710c7afa87088647ea7,0,32,32,Thanks,MyPage,2024-03-20 18:27:30.321331,1,,,150.0,2,,150.0,,1,Invest,Invest,17.479,0,SQ,41,0,1,pwzoezhd,,,,,0
113,cfy5z7na,58ae37d8e6afe00001d36ac9,0,32,32,Thanks,MyPage,2024-03-20 18:30:21.577205,1,,,150.0,1,,150.0,,1,Invest,Invest,10.929,0,SQ,42,0,1,pwzoezhd,,,,,0
114,aaluex4u,57be89f4c7fcbf0001c39491,0,32,32,Thanks,MyPage,2024-03-20 18:32:46.301890,1,,,100.0,2,,100.0,,0,Keep,Keep,3.616,0,SQ,46,0,1,pwzoezhd,,,,,0
115,2zcckvwm,,0,0,32,,,,0,,,0.0,115,,0.0,,,Not yet,Not yet,,0,SQ,1,0,1,pwzoezhd,,,,,0
116,jshs6qqv,,0,0,32,,,,0,,,0.0,116,,0.0,,,Not yet,Not yet,,0,SQ,1,0,1,pwzoezhd,,,,,0
117,qcn56v8v,,0,0,32,,,,0,,,0.0,117,,0.0,,,Not yet,Not yet,,0,SQ,1,0,1,pwzoezhd,,,,,0
118,sk8tuoak,,0,0,32,,,,0,,,0.0,118,,0.0,,,Not yet,Not yet,,0,SQ,1,0,1,pwzoezhd,,,,,0
119,24jtf771,,0,0,32,,,,0,,,0.0,119,,0.0,,,Not yet,Not yet,,0,SQ,1,0,1,pwzoezhd,,,,,0
120,izgfafu6,,0,0,32,,,,0,,,0.0,120,,0.0,,,Not yet,Not yet,,0,SQ,1,0,1,pwzoezhd,,,,,0
121,0cw8jtkd,,0,0,32,,,,0,,,0.0,121,,0.0,,,Not yet,Not yet,,0,SQ,1,0,1,pwzoezhd,,,,,0
122,klp37f4a,,0,0,32,,,,0,,,0.0,122,,0.0,,,Not yet,Not yet,,0,SQ,1,0,1,pwzoezhd,,,,,0
123,vstzkhdf,,0,0,32,,,,0,,,0.0,123,,0.0,,,Not yet,Not yet,,0,SQ,1,0,1,pwzoezhd,,,,,0
124,pyhl4ni0,,0,0,32,,,,0,,,0.0,124,,0.0,,,Not yet,Not yet,,0,SQ,1,0,1,pwzoezhd,,,,,0
125,atphs8jh,,0,0,32,,,,0,,,0.0,125,,0.0,,,Not yet,Not yet,,0,SQ,1,0,1,pwzoezhd,,,,,0
126,4bfczuw0,,0,0,32,,,,0,,,0.0,126,,0.0,,,Not yet,Not yet,,0,SQ,1,0,1,pwzoezhd,,,,,0
127,x1o002l3,,0,0,32,,,,0,,,0.0,127,,0.0,,,Not yet,Not yet,,0,SQ,1,0,1,pwzoezhd,,,,,0
128,y6h40gba,,0,0,32,,,,0,,,0.0,128,,0.0,,,Not yet,Not yet,,0,SQ,1,0,1,pwzoezhd,,,,,0
129,p34ovl3x,,0,0,32,,,,0,,,0.0,129,,0.0,,,Not yet,Not yet,,0,SQ,1,0,1,pwzoezhd,,,,,0
130,pqvq2o2k,,0,0,32,,,,0,,,0.0,130,,0.0,,,Not yet,Not yet,,0,SQ,1,0,1,pwzoezhd,,,,,0
