Submission id,Participant id,Status,Custom study tncs accepted at,Started at,Completed at,Reviewed at,Archived at,Time taken,Completion code,Total approvals,Age,Sex,Ethnicity simplified,Country of birth,Country of residence,Nationality,Language,Student status,Employment status
65fb18a9a02fa5d8b00d2f01,64402f7ad3d019dc99b9f3f0,APPROVED,Not Applicable,2024-03-20T17:11:05.963000Z,2024-03-20T17:22:17.593000Z,2024-03-21T14:57:10.478000Z,2024-03-20T17:23:21.113072Z,672.0,CIH2THBV,2411,23,Male,White,United States,United States,United States,English,DATA_EXPIRED,DATA_EXPIRED
65fb18e93b37d18140828379,5deb341d35575a2547b1f85a,APPROVED,Not Applicable,2024-03-20T17:13:02.385000Z,2024-03-20T17:23:01.610000Z,2024-03-21T14:57:10.769000Z,2024-03-20T17:24:02.728248Z,600.0,CIH2THBV,1887,39,Female,White,United States,United States,United States,English,No,"Not in paid work (e.g. homemaker', 'retired or disabled)"
65fb18f3243f6f342ebed288,5d4869cc692e5400197a980c,APPROVED,Not Applicable,2024-03-20T17:12:28.324000Z,2024-03-20T17:24:06.421000Z,2024-03-21T14:57:11.008000Z,2024-03-20T17:24:41.763627Z,699.0,CIH2THBV,937,26,Male,White,United States,United States,United States,English,No,Part-Time
65fb18f892ce3671a6320967,5dc483cf74939e34e55c3619,APPROVED,Not Applicable,2024-03-20T17:12:29.164000Z,2024-03-20T17:21:13.086000Z,2024-03-21T14:57:11.335000Z,2024-03-20T17:22:00.958996Z,524.0,CIH2THBV,7053,73,Male,White,United States,United States,United States,English,No,Part-Time
65fb190444b53e24f4349d5b,6010b744db280e455a5250bd,APPROVED,Not Applicable,2024-03-20T17:12:44.362000Z,2024-03-20T17:24:42.587000Z,2024-03-21T14:57:11.791000Z,2024-03-20T17:24:53.983945Z,719.0,CIH2THBV,4656,57,Female,White,United States,United States,United States,English,No,DATA_EXPIRED
65fb19148a36a8c7cc0a79d5,6150ad2e7810ffa81684d2cb,APPROVED,Not Applicable,2024-03-20T17:14:51.227000Z,2024-03-20T17:26:25.504000Z,2024-03-21T14:57:12.302000Z,2024-03-20T17:26:26.394412Z,695.0,CIH2THBV,2073,41,Male,White,United States,United States,United States,English,Yes,DATA_EXPIRED
65fb1915324ca79fa5637fb6,5d63867550d0dd0017805976,APPROVED,Not Applicable,2024-03-20T17:13:04.021000Z,2024-03-20T17:24:39.934000Z,2024-03-21T14:57:12.651000Z,2024-03-20T17:24:53.152925Z,696.0,CIH2THBV,6447,40,Male,White,United States,United States,United States,English,DATA_EXPIRED,DATA_EXPIRED
65fb19163669cccb93a67898,63d152150ad28a2b24aa507a,APPROVED,Not Applicable,2024-03-20T17:13:06.611000Z,2024-03-20T17:21:59.177000Z,2024-03-21T14:57:13.092000Z,2024-03-20T17:22:57.475107Z,533.0,CIH2THBV,2305,34,Female,Asian,India,United States,United States,English,No,Full-Time
65fb1927d32a9ba27d5c5a19,5df4892578322533c70aecdf,APPROVED,Not Applicable,2024-03-20T17:13:11.173000Z,2024-03-20T17:20:01.014000Z,2024-03-21T14:57:13.451000Z,2024-03-20T17:20:02.340029Z,410.0,CIH2THBV,5961,25,Male,Asian,United States,United States,United States,English,No,Full-Time
65fb192f60a83e07faf0e5aa,651dc3d05cac9714062c2034,APPROVED,Not Applicable,2024-03-20T17:13:19.489000Z,2024-03-20T17:41:06.195000Z,2024-03-21T14:57:13.823000Z,2024-03-20T17:41:47.973032Z,1667.0,CIH2THBV,817,51,Female,Black,United States,United States,United States,English,Yes,Full-Time
65fb193ee7a1c530eed98ad9,62976e7114308ee7c69d10ae,APPROVED,Not Applicable,2024-03-20T17:13:39.514000Z,2024-03-20T17:22:59.275000Z,2024-03-21T14:57:14.097000Z,2024-03-20T17:24:00.369380Z,560.0,CIH2THBV,3002,41,Male,White,United States,United States,United States,English,No,"Not in paid work (e.g. homemaker', 'retired or disabled)"
65fb1952745059b3a48d7a95,5bef64b373e44f0001092811,APPROVED,Not Applicable,2024-03-20T17:13:56.457000Z,2024-03-20T17:23:02.050000Z,2024-03-21T14:57:14.356000Z,2024-03-20T17:24:03.568371Z,546.0,CIH2THBV,5045,31,Female,White,United States,United States,United States,English,No,Full-Time
65fb19555da89a279f64bd15,5c223d4a4a7e1f000137e5b9,APPROVED,Not Applicable,2024-03-20T17:14:01.353000Z,2024-03-20T17:24:12.278000Z,2024-03-21T14:57:14.681000Z,2024-03-20T17:24:43.976137Z,611.0,CIH2THBV,5570,36,Male,White,United States,United States,United States,English,DATA_EXPIRED,Full-Time
65fb1967d512b8c68f6f17bc,5f2f03deec679e2cf4a992e6,APPROVED,Not Applicable,2024-03-20T17:14:54.529000Z,2024-03-20T17:27:41.950000Z,2024-03-21T14:57:14.915000Z,2024-03-20T17:27:43.087915Z,768.0,CIH2THBV,5512,35,Male,White,United States,United States,United States,English,No,Full-Time
65fb1968435df4fd88a0f3e4,58742bf5d53c97000159df8c,APPROVED,Not Applicable,2024-03-20T17:16:21.860000Z,2024-03-20T17:26:01.906000Z,2024-03-21T14:57:15.175000Z,2024-03-20T17:26:02.424719Z,581.0,CIH2THBV,6880,34,Female,White,United States,United States,United States,English,No,Part-Time
65fb196b08256b472ddcbc2f,63dd3dd2593c92be97d8dbde,APPROVED,Not Applicable,2024-03-20T17:14:30.344000Z,2024-03-20T17:21:22.613000Z,2024-03-21T14:57:15.400000Z,2024-03-20T17:22:15.878919Z,413.0,CIH2THBV,2710,21,Male,Asian,United States,United States,United States,English,No,Unemployed (and job seeking)
65fb196f833cb391f6260951,657b111e0f834cfa496bd068,APPROVED,Not Applicable,2024-03-20T17:14:29.304000Z,2024-03-20T17:26:37.926000Z,2024-03-21T14:57:15.704000Z,2024-03-20T17:26:49.545744Z,729.0,CIH2THBV,781,51,Female,Black,United States,United States,United States,English,No,Full-Time
65fb1974841d192d8443840a,5de5496937e1d50ca63e0fa5,APPROVED,Not Applicable,2024-03-20T17:14:35.731000Z,2024-03-20T17:24:05.969000Z,2024-03-21T14:57:16.001000Z,2024-03-20T17:24:41.427899Z,571.0,CIH2THBV,5393,71,Female,White,United States,United States,United States,English,No,Full-Time
65fb197a1b9817a65cb87769,5d2fb8f7034d7d000164bd18,APPROVED,Not Applicable,2024-03-20T17:14:41.251000Z,2024-03-20T17:28:45.710000Z,2024-03-21T14:57:16.395000Z,2024-03-20T17:28:46.253776Z,845.0,CIH2THBV,3661,36,Female,DATA_EXPIRED,United States,United States,United States,English,No,DATA_EXPIRED
65fb197df23472905ddf2c59,62c08fa6cab36e3a08790b49,APPROVED,Not Applicable,2024-03-20T17:18:24.222000Z,2024-03-20T17:33:06.193000Z,2024-03-21T14:57:16.714000Z,2024-03-20T17:33:06.912379Z,882.0,CIH2THBV,4104,69,Male,White,United States,United States,United States,English,No,"Not in paid work (e.g. homemaker', 'retired or disabled)"
65fb1984fda3120113e4800b,6429ffe11a9806a9a95ad072,APPROVED,Not Applicable,2024-03-20T17:15:30.535000Z,2024-03-20T17:28:02.692000Z,2024-03-21T14:57:16.976000Z,2024-03-20T17:28:03.510315Z,753.0,CIH2THBV,2721,72,Female,White,United States,United States,United States,English,No,Part-Time
65fb198c3f20aca5112fad31,5ffb8c5b60571908f3ac19fa,APPROVED,Not Applicable,2024-03-20T17:14:52.317000Z,2024-03-20T17:24:29.721000Z,2024-03-21T14:57:17.301000Z,2024-03-20T17:24:49.366872Z,578.0,CIH2THBV,7686,42,Male,White,United States,United States,United States,English,No,Part-Time
65fb199c685b72ec4ea47605,63a9a8f2f098b7e45bd03721,APPROVED,Not Applicable,2024-03-20T17:15:19.029000Z,2024-03-20T17:28:13.010000Z,2024-03-21T14:57:17.654000Z,2024-03-20T17:28:13.488848Z,774.0,CIH2THBV,2471,69,Male,White,United States,United States,United States,English,DATA_EXPIRED,Full-Time
65fb199ef38ca48c084cb5f6,611c0f606e7c5373600b2943,APPROVED,Not Applicable,2024-03-20T17:15:16.300000Z,2024-03-20T17:33:06.433000Z,2024-03-21T14:57:17.942000Z,2024-03-20T17:33:07.052821Z,1071.0,CIH2THBV,1269,36,Female,White,United States,United States,United States,English,No,"Not in paid work (e.g. homemaker', 'retired or disabled)"
65fb19a29ca3b3979e4cb5ef,6387984be099d077b7cd8508,APPROVED,Not Applicable,2024-03-20T17:15:24.833000Z,2024-03-20T17:30:58.939000Z,2024-03-21T14:57:18.190000Z,2024-03-20T17:30:59.468480Z,935.0,CIH2THBV,2552,54,Female,White,United States,United States,United States,English,No,DATA_EXPIRED
65fb19a4cbc1ea83b144601d,5d350282cec7150015d16494,APPROVED,Not Applicable,2024-03-20T17:15:21.847000Z,2024-03-20T17:24:51.264000Z,2024-03-21T14:57:18.488000Z,2024-03-20T17:24:57.645791Z,570.0,CIH2THBV,976,39,Male,White,United States,United States,United States,English,Yes,DATA_EXPIRED
65fb19a5808bd376baf6fd3d,6412285c18716831333d53b3,APPROVED,Not Applicable,2024-03-20T17:15:22.827000Z,2024-03-20T17:36:31.638000Z,2024-03-21T14:57:18.775000Z,2024-03-20T17:36:38.926232Z,1269.0,CIH2THBV,1781,65,Male,White,United States,United States,United States,English,No,DATA_EXPIRED
65fb19aa407e477d3abe8506,58ac91c38bf22a00015b91b3,APPROVED,Not Applicable,2024-03-20T17:15:26.773000Z,2024-03-20T17:26:06.360000Z,2024-03-21T14:57:19.028000Z,2024-03-20T17:26:06.810210Z,640.0,CIH2THBV,7046,56,Male,White,United States,United States,United States,English,No,DATA_EXPIRED
65fb19ab7709c569073c69d4,5df3c82961b48a2907204173,APPROVED,Not Applicable,2024-03-20T17:15:23.346000Z,2024-03-20T17:25:10.919000Z,2024-03-21T14:57:19.260000Z,2024-03-20T17:25:11.674354Z,588.0,CIH2THBV,6062,40,Male,White,United States,United States,United States,English,No,Full-Time
65fb19af44b53e24f4349d98,5ef246c6d2b9060809858e7e,APPROVED,Not Applicable,2024-03-20T17:23:43.955000Z,2024-03-20T17:38:54.366000Z,2024-03-21T14:57:19.521000Z,2024-03-20T17:41:25.907634Z,911.0,CIH2THBV,4285,24,Female,White,United States,United States,United States,English,DATA_EXPIRED,Full-Time
65fb19b0b3cf4148701033b0,5e84bd7c34d5d9072128fac1,APPROVED,Not Applicable,2024-03-20T17:15:50.795000Z,2024-03-20T17:26:59.977000Z,2024-03-21T14:57:19.749000Z,2024-03-20T17:27:00.664787Z,670.0,CIH2THBV,4147,36,Male,White,United States,United States,United States,English,No,DATA_EXPIRED
65fb19ba808bd376baf6fd45,56caf7b564c068000c4d798a,APPROVED,Not Applicable,2024-03-20T17:15:43.883000Z,2024-03-20T17:29:02.770000Z,2024-03-21T14:57:20.013000Z,2024-03-20T17:29:03.249656Z,799.0,CIH2THBV,2799,43,Female,White,United States,United States,United States,English,No,Full-Time
65fb19c3d7d89f28a29e507f,6413665e5dec6a98797ef5ab,APPROVED,Not Applicable,2024-03-20T17:15:54.711000Z,2024-03-20T17:22:41.487000Z,2024-03-21T14:57:20.259000Z,2024-03-20T17:23:48.027866Z,407.0,CIH2THBV,863,19,Male,White,United States,United States,United States,English,No,Part-Time
65fb19cab3cf4148701033b5,606e3ddf19540080228e3a0c,APPROVED,Not Applicable,2024-03-20T17:15:59.380000Z,2024-03-20T17:22:59.273000Z,2024-03-21T14:57:20.893000Z,2024-03-20T17:24:00.245886Z,420.0,CIH2THBV,5595,32,Female,White,United States,United States,United States,English,No,Full-Time
65fb19cbd075246878c03bad,65dea762ac0ca424b0ac42ed,APPROVED,Not Applicable,2024-03-20T17:15:59.255000Z,2024-03-20T17:23:38.967000Z,2024-03-21T14:57:21.217000Z,2024-03-20T17:24:20.854791Z,460.0,CIH2THBV,196,23,Female,White,United States,United States,United States,English,No,Full-Time
65fb19dc048393665b258811,657b30f313bd945721ab89dc,APPROVED,Not Applicable,2024-03-20T17:16:19.714000Z,2024-03-20T17:33:52.971000Z,2024-03-21T14:57:21.682000Z,2024-03-20T17:33:55.643302Z,1054.0,CIH2THBV,343,38,Female,Black,Ghana,United States,United States,English,No,Full-Time
65fb19dc3e482af4f13288de,6034badeb512f97ce3682dc7,APPROVED,Not Applicable,2024-03-20T17:16:17.362000Z,2024-03-20T17:29:32.236000Z,2024-03-21T14:57:21.988000Z,2024-03-20T17:29:32.691465Z,795.0,CIH2THBV,4323,48,Male,White,United States,United States,United States,English,No,DATA_EXPIRED
65fb19e09bc288d75e6f17d5,5c7e764fa7432a00169e1499,APPROVED,Not Applicable,2024-03-20T17:16:22.299000Z,2024-03-20T17:27:32.369000Z,2024-03-21T14:57:22.224000Z,2024-03-20T17:27:32.796893Z,671.0,CIH2THBV,1410,45,Male,Black,United States,United States,United States,English,No,Full-Time
65fb19e1050d28c5741b1f9a,656607db0fc2ad7c7b0948fa,APPROVED,Not Applicable,2024-03-20T17:16:17.845000Z,2024-03-20T17:27:15.083000Z,2024-03-21T14:57:22.476000Z,2024-03-20T17:27:15.656445Z,658.0,CIH2THBV,881,26,Female,Black,United States,United States,United States,English,No,Unemployed (and job seeking)
65fb19e5b66cd69d21f0e5ad,65f37b2a052a9616b7b9d0f2,APPROVED,Not Applicable,2024-03-20T17:16:29.671000Z,2024-03-20T17:26:01.628000Z,2024-03-21T14:57:22.734000Z,2024-03-20T17:26:02.178779Z,572.0,CIH2THBV,44,24,Male,White,United States,United States,United States,English,No,Part-Time
65fb19e6989ba265d2f64f62,570bc1ffb9b52b00102db939,APPROVED,Not Applicable,2024-03-20T17:16:30.257000Z,2024-03-20T17:26:18.385000Z,2024-03-21T14:57:22.987000Z,2024-03-20T17:26:18.891464Z,589.0,CIH2THBV,8441,42,Female,White,United States,United States,United States,English,No,Other
65fb19ebea32eb82cfef89fd,5e6033dbfb4665381e27f2fc,APPROVED,Not Applicable,2024-03-20T17:16:32.092000Z,2024-03-20T17:28:29.961000Z,2024-03-21T14:57:23.252000Z,2024-03-20T17:28:30.429067Z,718.0,CIH2THBV,2647,42,Female,White,United States,United States,United States,English,DATA_EXPIRED,DATA_EXPIRED
65fb19ecf7d5b50b078d54ef,601b9077694f034f0092dd8f,APPROVED,Not Applicable,2024-03-20T17:17:08.270000Z,2024-03-20T17:28:45.450000Z,2024-03-21T14:57:23.847000Z,2024-03-20T17:28:45.975324Z,698.0,CIH2THBV,2236,36,Female,White,United States,United States,United States,English,No,"Not in paid work (e.g. homemaker', 'retired or disabled)"
65fb19ecabd90098ef19a3b7,65de3f6558e2556c9250e39e,APPROVED,Not Applicable,2024-03-20T17:16:43.859000Z,2024-03-20T17:25:44.518000Z,2024-03-21T14:57:23.539000Z,2024-03-20T17:25:45.288018Z,541.0,CIH2THBV,144,49,Male,White,United States,United States,United States,English,No,Full-Time
65fb19eee7a1c530eed98b13,65444bbc48998c14318caf9f,APPROVED,Not Applicable,2024-03-20T17:22:23.117000Z,2024-03-20T17:30:36.099000Z,2024-03-21T14:57:24.653000Z,2024-03-20T17:30:36.725177Z,493.0,CIH2THBV,1119,67,Female,White,United States,United States,United States,English,No,Full-Time
65fb19ef18be2d25ecf09cf7,63c09186d75a9bbd3bec5652,APPROVED,Not Applicable,2024-03-20T17:25:46.270000Z,2024-03-20T17:44:30.427000Z,2024-03-21T14:57:24.960000Z,2024-03-20T17:44:30.968058Z,1125.0,CIH2THBV,1213,49,Male,Black,United States,United States,United States,English,DATA_EXPIRED,DATA_EXPIRED
65fb19f58a4371fd39f2b3c1,651c4484ba17050f6b716614,APPROVED,Not Applicable,2024-03-20T17:20:03.713000Z,2024-03-20T17:31:02.722000Z,2024-03-21T14:57:25.193000Z,2024-03-20T17:31:03.146662Z,660.0,CIH2THBV,1365,30,Male,White,United States,United States,United States,English,No,Full-Time
65fb19fad8845db5cab69ec2,5fe112243ce806b5704eca6e,APPROVED,Not Applicable,2024-03-20T17:16:46.530000Z,2024-03-20T17:26:01.549000Z,2024-03-21T14:57:25.429000Z,2024-03-20T17:26:02.163929Z,556.0,CIH2THBV,5493,43,Male,White,United States,United States,United States,English,No,"Not in paid work (e.g. homemaker', 'retired or disabled)"
65fb1a06b66cd69d21f0e5af,559ffa9bfdf99b0ad674856a,APPROVED,Not Applicable,2024-03-20T17:17:00.800000Z,2024-03-20T17:23:51.903000Z,2024-03-21T14:57:25.662000Z,2024-03-20T17:24:33.144295Z,412.0,CIH2THBV,2213,38,Male,Asian,United States,United States,United States,English,No,Full-Time
65fb1a0da35eb2d308075f0f,628dfaf2fdd97303f3087572,APPROVED,Not Applicable,2024-03-20T17:17:01.022000Z,2024-03-20T17:28:14.356000Z,2024-03-21T14:57:25.875000Z,2024-03-20T17:28:14.810870Z,674.0,CIH2THBV,3873,33,Male,Mixed,United States,United States,United States,English,No,DATA_EXPIRED
65fb1a0de7a1c530eed98b21,628f7ed6b17795e8b70cc336,APPROVED,Not Applicable,2024-03-20T17:19:50.462000Z,2024-03-20T17:36:47.339000Z,2024-03-21T14:57:26.127000Z,2024-03-20T17:37:03.405899Z,1017.0,CIH2THBV,3570,33,Male,White,United States,United States,United States,English,DATA_EXPIRED,Full-Time
65fb1a129aa3798e8035a537,6516d5862e627be30bea296f,APPROVED,Not Applicable,2024-03-20T17:17:12.554000Z,2024-03-20T17:27:26.316000Z,2024-03-21T14:57:26.353000Z,2024-03-20T17:27:26.874071Z,614.0,CIH2THBV,1539,53,Male,White,United States,United States,United States,English,No,Full-Time
65fb1a1685fddca5462587fe,633f4f203450d46b01e3d16b,APPROVED,Not Applicable,2024-03-20T17:22:15.095000Z,2024-03-20T17:34:53.869000Z,2024-03-21T14:57:26.641000Z,2024-03-20T17:34:54.821318Z,759.0,CIH2THBV,4000,35,Male,White,Netherlands,United States,United States,English,DATA_EXPIRED,DATA_EXPIRED
65fb1a1b4d8bbeceaed84c9f,60f6ce6de6cf393bcde0c14d,APPROVED,Not Applicable,2024-03-20T17:17:15.262000Z,2024-03-20T17:32:04.787000Z,2024-03-21T14:57:26.914000Z,2024-03-20T17:32:05.261749Z,890.0,CIH2THBV,2862,59,Female,White,United States,United States,United States,English,No,Full-Time
65fb1a22df32078f1819a3c4,61575f1257634f8182c29c16,APPROVED,Not Applicable,2024-03-20T17:17:26.203000Z,2024-03-20T17:28:31.506000Z,2024-03-21T14:57:27.130000Z,2024-03-20T17:28:31.898246Z,666.0,CIH2THBV,6549,32,Male,White,United States,United States,United States,English,No,Full-Time
65fb1a2444b53e24f4349dcb,657a151c1529c17f751d218d,APPROVED,Not Applicable,2024-03-20T17:18:14.302000Z,2024-03-20T17:31:19.189000Z,2024-03-21T14:57:27.418000Z,2024-03-20T17:31:19.688292Z,785.0,CIH2THBV,393,23,Female,Asian,United States,United States,United States,English,No,Full-Time
65fb1a32841d192d84438435,6506f9e821e92759b20c2be6,APPROVED,Not Applicable,2024-03-20T17:17:38.336000Z,2024-03-20T17:25:43.337000Z,2024-03-21T14:57:27.726000Z,2024-03-20T17:25:43.854970Z,486.0,CIH2THBV,942,39,Female,Mixed,United States,United States,United States,English,DATA_EXPIRED,DATA_EXPIRED
65fb1a337135312b2243844f,6400e3697879c55c323f34d0,APPROVED,Not Applicable,2024-03-20T17:17:56.316000Z,2024-03-20T17:28:47.761000Z,2024-03-21T14:57:28.004000Z,2024-03-20T17:28:48.240120Z,652.0,CIH2THBV,1806,31,Male,White,United States,United States,United States,English,No,Part-Time
65fb1a35f4aea35207fbe66e,6234d77291179c1badffad36,APPROVED,Not Applicable,2024-03-20T17:18:16.467000Z,2024-03-20T17:40:51.987000Z,2024-03-21T14:57:28.354000Z,2024-03-20T17:41:42.906395Z,1356.0,CIH2THBV,3346,29,Male,White,United States,United States,United States,English,DATA_EXPIRED,DATA_EXPIRED
65fb1a3a7b98920f3c103404,65c642e97c58317f4730e6a0,APPROVED,Not Applicable,2024-03-20T17:17:56.812000Z,2024-03-20T17:35:37.846000Z,2024-03-21T14:57:28.671000Z,2024-03-20T17:35:38.490290Z,1062.0,CIH2THBV,218,63,Male,White,United States,United States,United States,English,No,Unemployed (and job seeking)
65fb1a3d3b0970ccf390560e,5fd9227fbeeb773aa4d6c986,APPROVED,Not Applicable,2024-03-20T17:17:51.844000Z,2024-03-20T17:24:00.406000Z,2024-03-21T14:57:28.980000Z,2024-03-20T17:24:39.108897Z,369.0,CIH2THBV,5471,34,Male,Mixed,United States,United States,United States,English,No,DATA_EXPIRED
65fb1a4498e33fe0c5f3cf87,5f3d6975ef131710ed519c7a,APPROVED,Not Applicable,2024-03-20T17:18:01.564000Z,2024-03-20T17:25:59.349000Z,2024-03-21T14:57:29.777000Z,2024-03-20T17:25:59.998543Z,478.0,CIH2THBV,5684,35,Male,Mixed,United States,United States,United States,English,No,Full-Time
65fb1a442ed7d4b735bc489d,655fa05b1303f59972ea6555,APPROVED,Not Applicable,2024-03-20T17:18:09.151000Z,2024-03-20T17:32:44.987000Z,2024-03-21T14:57:29.568000Z,2024-03-20T17:32:45.400437Z,876.0,CIH2THBV,972,32,Female,Black,United States,United States,United States,English,No,Full-Time
65fb1a47d0664c36d9be851e,56fa002e8425ef000b3a4276,APPROVED,Not Applicable,2024-03-20T17:18:04.418000Z,2024-03-20T17:26:42.868000Z,2024-03-21T14:57:29.976000Z,2024-03-20T17:26:49.879766Z,519.0,CIH2THBV,8122,35,Male,White,United States,United States,United States,English,No,Full-Time
65fb1af7050d28c5741b1fdc,65959f82b8fe41e7115815a1,APPROVED,Not Applicable,2024-03-20T17:21:46.799000Z,2024-03-20T17:31:36.480000Z,2024-03-21T14:57:30.192000Z,2024-03-20T17:31:36.989638Z,590.0,CIH2THBV,707,30,Female,Black,United States,United States,United States,English,Yes,Full-Time
65fb1af7eab083a4380c7057,638fdf87700dd1228bade2e1,APPROVED,Not Applicable,2024-03-20T17:20:55.644000Z,2024-03-20T17:29:12.687000Z,2024-03-21T14:57:30.412000Z,2024-03-20T17:29:13.482133Z,498.0,CIH2THBV,3606,70,Male,White,United States,United States,United States,English,DATA_EXPIRED,DATA_EXPIRED
65fb1afc74c1a62700124237,601b28841ca7bb2f8edaa293,APPROVED,Not Applicable,2024-03-20T17:21:11.043000Z,2024-03-20T17:28:42.585000Z,2024-03-21T14:57:30.703000Z,2024-03-20T17:28:43.085616Z,452.0,CIH2THBV,2944,32,Male,Mixed,United States,United States,United States,English,No,DATA_EXPIRED
65fb1afecbc1ea83b14460bd,6312ada1ce715ee3916c3748,APPROVED,Not Applicable,2024-03-20T17:21:17.763000Z,2024-03-20T17:33:56.631000Z,2024-03-21T14:57:30.943000Z,2024-03-20T17:33:58.044145Z,759.0,CIH2THBV,2089,30,Male,White,United States,United States,United States,English,No,Full-Time
65fb1b001f533673a750d1a6,60ff1981688229d1e3eb43e9,APPROVED,Not Applicable,2024-03-20T17:21:08.542000Z,2024-03-20T17:34:08.806000Z,2024-03-21T14:57:31.198000Z,2024-03-20T17:34:09.329875Z,781.0,CIH2THBV,1388,59,Female,White,United States,United States,United States,English,No,Full-Time
65fb1b0308256b472ddcbc9f,65c243c37e0d77ca70ee030e,APPROVED,Not Applicable,2024-03-20T17:21:11.183000Z,2024-03-20T17:33:41.519000Z,2024-03-21T14:57:31.465000Z,2024-03-20T17:33:44.371751Z,751.0,CIH2THBV,495,22,Female,Mixed,United States,United States,United States,English,No,Full-Time
65fb1b050b437f3b983ae08f,65e85ad0d2ec2a33602e60ea,APPROVED,Not Applicable,2024-03-20T17:21:15.313000Z,2024-03-20T17:37:02.553000Z,2024-03-21T14:57:31.687000Z,2024-03-20T17:40:23.953785Z,948.0,CIH2THBV,33,37,Male,White,United States,United States,United States,English,No,Other
65fb1b06861a433336e083eb,60e364349645120ba12a3d70,APPROVED,Not Applicable,2024-03-20T17:21:35.438000Z,2024-03-20T17:35:45.600000Z,2024-03-21T14:57:31.922000Z,2024-03-20T17:35:46.258711Z,851.0,CIH2THBV,1954,30,Male,Other,United States,United States,United States,English,DATA_EXPIRED,DATA_EXPIRED
65fb1b070531cbe99ef21a58,63ebd1cd6715f8cbe3405c82,APPROVED,Not Applicable,2024-03-20T17:21:11.185000Z,2024-03-20T17:31:05.402000Z,2024-03-21T14:57:32.145000Z,2024-03-20T17:31:05.934057Z,595.0,CIH2THBV,3381,49,Female,Black,United States,United States,United States,English,Yes,Full-Time
65fb1b07a021bdfa0beccc3d,613929236e3092c6bad219ab,APPROVED,Not Applicable,2024-03-20T17:21:16.983000Z,2024-03-20T17:42:11.439000Z,2024-03-21T14:57:32.393000Z,2024-03-20T17:42:15.246637Z,1255.0,CIH2THBV,2070,35,Male,White,United States,United States,United States,English,No,Full-Time
65fb1b07f06cb3c4611241f8,55f1d57632af74001217014d,APPROVED,Not Applicable,2024-03-20T17:21:11.976000Z,2024-03-20T17:46:46.084000Z,2024-03-21T14:57:32.671000Z,2024-03-20T17:46:46.631282Z,1535.0,CO4SDEJE,806,28,Female,White,United States,United States,United States,English,No,Other
65fb1b090f00888df7d98b0d,600db78b56935a5dd8c759b3,APPROVED,Not Applicable,2024-03-20T17:21:21.537000Z,2024-03-20T17:34:18.553000Z,2024-03-21T14:57:32.997000Z,2024-03-20T17:34:19.126230Z,778.0,CIH2THBV,945,36,Female,White,United States,United States,United States,English,No,Full-Time
65fb1b0bb2eab1ebeabed30b,656cfa13c7a413e298816ba9,APPROVED,Not Applicable,2024-03-20T17:21:20.252000Z,2024-03-20T17:32:49.687000Z,2024-03-21T14:57:33.259000Z,2024-03-20T17:32:50.317741Z,690.0,CIH2THBV,358,35,Female,Black,United States,United States,United States,English,No,Full-Time
65fb1b0bb7f1fb648d7418fd,63bd971320ab2d40a1d02aa8,APPROVED,Not Applicable,2024-03-20T17:22:07.308000Z,2024-03-20T17:30:36.258000Z,2024-03-21T14:57:33.492000Z,2024-03-20T17:30:37.475490Z,509.0,CIH2THBV,2700,48,Female,White,United States,United States,United States,English,No,"Not in paid work (e.g. homemaker', 'retired or disabled)"
65fb1b0c7b98920f3c103440,5e28f70500bb310cf3934256,APPROVED,Not Applicable,2024-03-20T17:21:29.650000Z,2024-03-20T17:30:57.732000Z,2024-03-21T14:57:33.727000Z,2024-03-20T17:30:58.628547Z,569.0,CIH2THBV,790,24,Male,Other,United States,United States,United States,English,Yes,Full-Time
65fb1b0d5da89a279f64bdb1,658574304634f5056c49285c,APPROVED,Not Applicable,2024-03-20T17:21:25.810000Z,2024-03-20T17:41:37.093000Z,2024-03-21T14:57:34.258000Z,2024-03-20T17:41:54.228105Z,1212.0,CIH2THBV,542,44,Male,Black,Ghana,United States,United States,English,No,Full-Time
65fb1b0d2c23591a192609cd,6272892b05043371638ee032,APPROVED,Not Applicable,2024-03-20T17:21:22.366000Z,2024-03-20T17:33:26.308000Z,2024-03-21T14:57:33.962000Z,2024-03-20T17:33:27.398513Z,724.0,CIH2THBV,1929,45,Female,White,United States,United States,United States,English,No,Full-Time
65fb1b0e733ff9a2abfd35da,65e1f75ab3efd22e847cfbf0,APPROVED,Not Applicable,2024-03-20T17:21:18.540000Z,2024-03-20T17:29:15.673000Z,2024-03-21T14:57:34.575000Z,2024-03-20T17:29:16.148217Z,478.0,CIH2THBV,116,23,Female,White,United States,United States,United States,English,No,Full-Time
65fb1b0f6ce3acfbb6327f4a,646ac5581ee782f7fc945861,APPROVED,Not Applicable,2024-03-20T17:21:42.191000Z,2024-03-20T17:32:37.199000Z,2024-03-21T14:57:34.886000Z,2024-03-20T17:32:37.763498Z,656.0,CIH2THBV,273,58,Female,White,United States,United States,United States,English,No,"Not in paid work (e.g. homemaker', 'retired or disabled)"
65fb1b0fe201131d2c618310,64307c41aa1212bc732f9dfc,APPROVED,Not Applicable,2024-03-20T17:21:25.928000Z,2024-03-20T17:31:31.904000Z,2024-03-21T14:57:35.106000Z,2024-03-20T18:31:40.595013Z,606.0,CIH2THBV,1146,64,Male,White,United States,United States,United States,English,No,"Not in paid work (e.g. homemaker', 'retired or disabled)"
65fb1b100531cbe99ef21a5f,65e64c08cd1bf3d6ab957af7,APPROVED,Not Applicable,2024-03-20T17:21:44.870000Z,2024-03-20T17:39:01.138000Z,2024-03-21T14:57:35.592000Z,2024-03-20T17:41:26.896625Z,1037.0,CIH2THBV,57,57,Female,White,United States,United States,United States,English,No,"Not in paid work (e.g. homemaker', 'retired or disabled)"
65fb1b1196788e1012f3cfe9,63be3c7ab7bccecc7dc80cd4,APPROVED,Not Applicable,2024-03-20T17:22:08.890000Z,2024-03-20T17:32:31.801000Z,2024-03-21T14:57:36.111000Z,2024-03-20T17:32:32.646036Z,623.0,CIH2THBV,2743,40,Female,Black,United States,United States,United States,English,No,Part-Time
65fb1b11156382de31161903,65959a63cb30f7348aba06f0,APPROVED,Not Applicable,2024-03-20T17:22:07.968000Z,2024-03-20T17:30:18.553000Z,2024-03-21T14:57:35.854000Z,2024-03-20T17:30:19.089422Z,491.0,CIH2THBV,767,34,Female,Asian,United States,United States,United States,English,No,Full-Time
65fb1b12fbadafc92dfb8996,63d9bbe653e18c0a4e74f51f,APPROVED,Not Applicable,2024-03-20T17:21:22.485000Z,2024-03-20T17:28:46.668000Z,2024-03-21T14:57:36.642000Z,2024-03-20T17:28:47.189168Z,445.0,CIH2THBV,1766,49,Female,Black,United States,United States,United States,English,Yes,Full-Time
65fb1b126259c00976e89db6,63614f71fa75fcbcee84f2ac,APPROVED,Not Applicable,2024-03-20T17:24:52.498000Z,2024-03-20T17:32:10.769000Z,2024-03-21T14:57:36.361000Z,2024-03-20T17:32:11.239485Z,439.0,CIH2THBV,2182,44,Male,White,United States,United States,United States,English,No,Full-Time
65fb1b130eae1d9fa0739973,657a6ecc62c29be44b207d5d,APPROVED,Not Applicable,2024-03-20T17:21:28.767000Z,2024-03-20T17:37:45.544000Z,2024-03-21T14:57:36.913000Z,2024-03-20T17:41:19.961681Z,977.0,CIH2THBV,658,68,Female,White,United States,United States,United States,English,No,"Not in paid work (e.g. homemaker', 'retired or disabled)"
65fb1b14f4aea35207fbe69a,63ea6fc5092518554c9b8111,APPROVED,Not Applicable,2024-03-20T17:21:45.381000Z,2024-03-20T17:35:25.199000Z,2024-03-21T14:57:37.437000Z,2024-03-20T17:35:26.363799Z,820.0,CIH2THBV,1635,41,Female,White,DATA_EXPIRED,United States,United States,English,DATA_EXPIRED,DATA_EXPIRED
65fb1b146ffa4bf500925e84,60955a048531613c66404fb2,APPROVED,Not Applicable,2024-03-20T17:21:41.590000Z,2024-03-20T17:29:22.517000Z,2024-03-21T14:57:37.152000Z,2024-03-20T17:29:23.042444Z,461.0,CIH2THBV,828,36,Female,Mixed,United States,United States,United States,English,Yes,Full-Time
65fb1b16a4d27b2b06b08856,5d4c7ac3e8ec490018b0050d,APPROVED,Not Applicable,2024-03-20T17:21:29.557000Z,2024-03-20T17:33:42.249000Z,2024-03-21T14:57:38.037000Z,2024-03-20T17:33:45.466761Z,733.0,CIH2THBV,5001,65,Female,Mixed,United States,United States,United States,English,No,"Not in paid work (e.g. homemaker', 'retired or disabled)"
65fb1b1697d1e2363b2b127e,63e51bd9b573cd46809e1d56,APPROVED,Not Applicable,2024-03-20T17:21:29.315000Z,2024-03-20T17:32:08.155000Z,2024-03-21T14:57:37.717000Z,2024-03-20T17:32:09.211060Z,639.0,CIH2THBV,3167,29,Male,Asian,United States,United States,United States,English,No,Full-Time
65fb1b17ac93fc6f6109cb90,60f43c3a0fd9723feba1af38,APPROVED,Not Applicable,2024-03-20T17:21:27.588000Z,2024-03-20T17:37:19.603000Z,2024-03-21T14:57:38.292000Z,2024-03-20T17:41:08.870565Z,953.0,CIH2THBV,6897,53,Male,White,France,United States,United States,English,DATA_EXPIRED,Full-Time
65fb1b18d7d89f28a29e50b4,5e34325430e5263f0bebb32d,APPROVED,Not Applicable,2024-03-20T17:27:18.740000Z,2024-03-20T17:41:19.461000Z,2024-03-21T14:57:38.565000Z,2024-03-20T17:41:50.421727Z,841.0,CO4SDEJE,2500,69,Male,White,United States,United States,United States,English,No,"Not in paid work (e.g. homemaker', 'retired or disabled)"
65fb1bef1d8df50646906944,632d68dde8d04677f58d963c,APPROVED,Not Applicable,2024-03-20T17:25:13.482000Z,2024-03-20T17:32:13.092000Z,2024-03-21T14:57:38.858000Z,2024-03-20T17:32:13.588611Z,420.0,CIH2THBV,3381,26,Male,White,United States,United States,United States,English,No,Part-Time
65fb1cba83d598cc650ff31a,5e8f53644b34ff22d9b3a1c5,APPROVED,Not Applicable,2024-03-20T17:28:31.576000Z,2024-03-20T17:38:17.712000Z,2024-03-21T14:57:39.211000Z,2024-03-20T17:41:23.516351Z,587.0,CIH2THBV,2781,41,Male,White,United States,United States,United States,English,No,"Not in paid work (e.g. homemaker', 'retired or disabled)"
65fb18ef3e482af4f13288a8,63f82a4ff43ec144ca3622a8,RETURNED,Not Applicable,2024-03-20T17:12:20.251000Z,,,,,,2489,CONSENT_REVOKED,CONSENT_REVOKED,CONSENT_REVOKED,CONSENT_REVOKED,CONSENT_REVOKED,CONSENT_REVOKED,CONSENT_REVOKED,CONSENT_REVOKED,CONSENT_REVOKED
65fb191a692d263ce53288c6,6553ec2b42938fd3b702d694,RETURNED,Not Applicable,2024-03-20T17:13:07.083000Z,,,,,,210,CONSENT_REVOKED,CONSENT_REVOKED,CONSENT_REVOKED,CONSENT_REVOKED,CONSENT_REVOKED,CONSENT_REVOKED,CONSENT_REVOKED,CONSENT_REVOKED,CONSENT_REVOKED
65fb1995d98ea1266dd84cb3,62877d5f6a054e53313ac916,RETURNED,Not Applicable,2024-03-20T17:25:01.839000Z,,,,,,7412,CONSENT_REVOKED,CONSENT_REVOKED,CONSENT_REVOKED,CONSENT_REVOKED,CONSENT_REVOKED,CONSENT_REVOKED,CONSENT_REVOKED,CONSENT_REVOKED,CONSENT_REVOKED
65fb1997d50ca76578d959d0,63852498bcb698988baa11c2,RETURNED,Not Applicable,2024-03-20T17:15:09.052000Z,,,,,,3356,CONSENT_REVOKED,CONSENT_REVOKED,CONSENT_REVOKED,CONSENT_REVOKED,CONSENT_REVOKED,CONSENT_REVOKED,CONSENT_REVOKED,CONSENT_REVOKED,CONSENT_REVOKED
65fb19c8841d192d84438421,60c770aa2d2928bfda4c7cd4,RETURNED,Not Applicable,2024-03-20T17:15:58.956000Z,,,,,,6272,CONSENT_REVOKED,CONSENT_REVOKED,CONSENT_REVOKED,CONSENT_REVOKED,CONSENT_REVOKED,CONSENT_REVOKED,CONSENT_REVOKED,CONSENT_REVOKED,CONSENT_REVOKED
65fb19ea5696cc6a922c312a,608437f0b139060610c9f0c1,RETURNED,Not Applicable,2024-03-20T17:16:38.183000Z,,,,,,3952,CONSENT_REVOKED,CONSENT_REVOKED,CONSENT_REVOKED,CONSENT_REVOKED,CONSENT_REVOKED,CONSENT_REVOKED,CONSENT_REVOKED,CONSENT_REVOKED,CONSENT_REVOKED
65fb1a02baee135ab4fbe69f,5f77c6a1a110ce346dc016ec,RETURNED,Not Applicable,2024-03-20T17:16:53.904000Z,,,,,,5422,CONSENT_REVOKED,CONSENT_REVOKED,CONSENT_REVOKED,CONSENT_REVOKED,CONSENT_REVOKED,CONSENT_REVOKED,CONSENT_REVOKED,CONSENT_REVOKED,CONSENT_REVOKED
65fb1a0f9aa3798e8035a535,5a7a1973000dab00018c3410,RETURNED,Not Applicable,2024-03-20T17:20:08.882000Z,,,,,,5423,CONSENT_REVOKED,CONSENT_REVOKED,CONSENT_REVOKED,CONSENT_REVOKED,CONSENT_REVOKED,CONSENT_REVOKED,CONSENT_REVOKED,CONSENT_REVOKED,CONSENT_REVOKED
65fb1a2c9ca3b3979e4cb60a,6543abd612dc7fc77f466814,RETURNED,Not Applicable,2024-03-20T17:17:35.933000Z,,,,,,1031,CONSENT_REVOKED,CONSENT_REVOKED,CONSENT_REVOKED,CONSENT_REVOKED,CONSENT_REVOKED,CONSENT_REVOKED,CONSENT_REVOKED,CONSENT_REVOKED,CONSENT_REVOKED
65fb1a34e165172a9b3b7070,627448a7458cf55c0cdea3bb,RETURNED,Not Applicable,2024-03-20T17:17:43.980000Z,,,,,,2492,CONSENT_REVOKED,CONSENT_REVOKED,CONSENT_REVOKED,CONSENT_REVOKED,CONSENT_REVOKED,CONSENT_REVOKED,CONSENT_REVOKED,CONSENT_REVOKED,CONSENT_REVOKED
65fb1a3e9f6a5747bf2c30db,5ba292385301b80001c71ba2,RETURNED,Not Applicable,2024-03-20T17:17:53.467000Z,,,,,,7949,CONSENT_REVOKED,CONSENT_REVOKED,CONSENT_REVOKED,CONSENT_REVOKED,CONSENT_REVOKED,CONSENT_REVOKED,CONSENT_REVOKED,CONSENT_REVOKED,CONSENT_REVOKED
65fb1a45a4d27b2b06b08828,5b15d20c444cef0001cb1153,RETURNED,Not Applicable,2024-03-20T17:18:47.745000Z,,,,,,4674,CONSENT_REVOKED,CONSENT_REVOKED,CONSENT_REVOKED,CONSENT_REVOKED,CONSENT_REVOKED,CONSENT_REVOKED,CONSENT_REVOKED,CONSENT_REVOKED,CONSENT_REVOKED
65fb1b08ea32eb82cfef8a23,5f326f3697c53601f394368a,RETURNED,Not Applicable,2024-03-20T17:21:21.530000Z,,,,,,2846,CONSENT_REVOKED,CONSENT_REVOKED,CONSENT_REVOKED,CONSENT_REVOKED,CONSENT_REVOKED,CONSENT_REVOKED,CONSENT_REVOKED,CONSENT_REVOKED,CONSENT_REVOKED
