participant.id_in_session,participant.code,participant.label,participant._is_bot,participant._index_in_pages,participant._max_page_index,participant._current_app_name,participant._current_page_name,participant.time_started_utc,participant.visited,participant.mturk_worker_id,participant.mturk_assignment_id,participant.payoff,player.id_in_group,player.role,player.payoff,player.trust_choice,group.id_in_subsession,subsession.round_number,session.code,session.label,session.mturk_HITId,session.mturk_HITGroupId,session.comment,session.is_demo
1,sbwnwmpl,63c515f70542e2ff1937031b,0,2,29,Consent_general,GeneralIntroPage,2024-03-20 15:12:37.645191,1,,,0.0,1,,0.0,,1,1,slvfalvu,,,,,0
2,m64jgstt,65b26bbe1d5dfa901eeb87c3,0,29,29,Thanks,MyPage,2024-03-20 15:15:56.657892,1,,,50.0,2,,0.0,4,1,1,slvfalvu,,,,,0
3,x8kwfjhx,6578810e89bb72246d6e92e8,0,29,29,Thanks,MyPage,2024-03-20 15:16:29.595174,1,,,200.0,3,,0.0,2,1,1,slvfalvu,,,,,0
4,g5li7med,645906dc264ac9eb66b7f3ec,0,4,29,Intro_ST,GameIntroPage,2024-03-20 15:17:38.963615,1,,,0.0,4,,0.0,,1,1,slvfalvu,,,,,0
5,hq6q6pg7,5fecd134b890b19cd8336b78,0,6,29,Intro_ST,TestPage,2024-03-20 15:18:15.093129,1,,,0.0,5,,0.0,,1,1,slvfalvu,,,,,0
6,ysz3qwz4,1JgEO773d260l59LD9695O67,0,1,29,Consent_general,ConsentPage,2024-03-20 15:18:17.842795,1,,,0.0,6,,0.0,,1,1,slvfalvu,,,,,0
7,ayky62qm,63d2d90dab88cd046129d697,0,29,29,Thanks,MyPage,2024-03-20 15:18:19.450135,1,,,150.0,7,,0.0,2,1,1,slvfalvu,,,,,0
8,lf0zvcrb,652ec2998754cc5da66b63f2,0,29,29,Thanks,MyPage,2024-03-20 15:18:33.100818,1,,,50.0,8,,0.0,5,1,1,slvfalvu,,,,,0
9,l4u1s077,138EO7731260lZ9LD96n56S7,0,1,29,Consent_general,ConsentPage,2024-03-20 15:18:34.218212,1,,,0.0,9,,0.0,,1,1,slvfalvu,,,,,0
10,pfedph4u,63d181019036d598f33bfe33,0,29,29,Thanks,MyPage,2024-03-20 15:18:53.739162,1,,,50.0,10,,0.0,1,1,1,slvfalvu,,,,,0
11,vp3mblvd,641724c665e2974bb1dec659,0,22,29,svo,Decide,2024-03-20 15:18:54.053436,1,,,100.0,11,,0.0,4,1,1,slvfalvu,,,,,0
12,3i9pv8fl,6547a05ca3b182bd3f2d9af8,0,29,29,Thanks,MyPage,2024-03-20 15:19:03.625835,1,,,150.0,12,,0.0,4,1,1,slvfalvu,,,,,0
13,b58w0ays,656e7a6cc1ef92f28a2c28ae,0,29,29,Thanks,MyPage,2024-03-20 15:19:34.253118,1,,,150.0,13,,0.0,2,1,1,slvfalvu,,,,,0
14,wl3pciy2,5c74e7e9c3fe130001e86cc8,0,29,29,Thanks,MyPage,2024-03-20 15:20:02.182382,1,,,100.0,14,,0.0,4,1,1,slvfalvu,,,,,0
15,lup8iyin,6466713f69508331b82d5040,0,29,29,Thanks,MyPage,2024-03-20 15:20:28.839266,1,,,200.0,15,,0.0,1,1,1,slvfalvu,,,,,0
16,x5vc8moj,5685850c333cbd000d4e042f,0,29,29,Thanks,MyPage,2024-03-20 15:20:43.447914,1,,,150.0,16,,0.0,4,1,1,slvfalvu,,,,,0
17,wql7dos4,5cbe00898f939c0017c0b9d8,0,29,29,Thanks,MyPage,2024-03-20 15:20:47.832205,1,,,150.0,17,,0.0,1,1,1,slvfalvu,,,,,0
18,14x8kpbi,65ef1b4257164ebb8e1db886,0,29,29,Thanks,MyPage,2024-03-20 15:20:49.397460,1,,,200.0,18,,0.0,5,1,1,slvfalvu,,,,,0
19,p5fryqxk,614f22dfa54d9361b45c3052,0,29,29,Thanks,MyPage,2024-03-20 15:20:49.690951,1,,,150.0,19,,0.0,4,1,1,slvfalvu,,,,,0
20,oo64yy28,592f1db78ad1ae0001937983,0,29,29,Thanks,MyPage,2024-03-20 15:20:49.763325,1,,,50.0,20,,0.0,2,1,1,slvfalvu,,,,,0
21,vuhsk4pz,6287a8c4a6303ff156cd0853,0,29,29,Thanks,MyPage,2024-03-20 15:20:51.495426,1,,,50.0,21,,0.0,4,1,1,slvfalvu,,,,,0
22,viylrbwi,5d88db42c1d06e001a1fdcab,0,29,29,Thanks,MyPage,2024-03-20 15:20:51.580942,1,,,100.0,22,,0.0,4,1,1,slvfalvu,,,,,0
23,ddsecusg,5bf311373a5bf00001401f64,0,29,29,Thanks,MyPage,2024-03-20 15:20:53.626497,1,,,50.0,23,,0.0,4,1,1,slvfalvu,,,,,0
24,mok2z1t9,63d1b0363f9bd5a6062dfb1c,0,29,29,Thanks,MyPage,2024-03-20 15:20:55.715121,1,,,200.0,24,,0.0,1,1,1,slvfalvu,,,,,0
25,2yzz7cn3,6159d4026fd4e22c9f1179c1,0,29,29,Thanks,MyPage,2024-03-20 15:20:57.784327,1,,,50.0,25,,0.0,3,1,1,slvfalvu,,,,,0
26,i6crb9mh,65edbf1bf8c56b00f9285258,0,29,29,Thanks,MyPage,2024-03-20 15:20:59.416820,1,,,50.0,26,,0.0,2,1,1,slvfalvu,,,,,0
27,4agu4nqw,63d4019999c9ab839156014c,0,29,29,Thanks,MyPage,2024-03-20 15:20:59.756994,1,,,200.0,27,,0.0,2,1,1,slvfalvu,,,,,0
28,uuo80fq3,55ca03e1fdf99b2735fc1dde,0,29,29,Thanks,MyPage,2024-03-20 15:21:00.589046,1,,,50.0,28,,0.0,4,1,1,slvfalvu,,,,,0
29,24iqt3mo,6129cc7a565c9c03752802fa,0,29,29,Thanks,MyPage,2024-03-20 15:21:01.318482,1,,,50.0,29,,0.0,5,1,1,slvfalvu,,,,,0
30,u7ozpr6i,56b8de29e1d0a200051517f8,0,29,29,Thanks,MyPage,2024-03-20 15:21:03.139349,1,,,150.0,30,,0.0,4,1,1,slvfalvu,,,,,0
31,85fbzx9f,6584461360db3318b8baee08,0,29,29,Thanks,MyPage,2024-03-20 15:21:03.679844,1,,,50.0,31,,0.0,1,1,1,slvfalvu,,,,,0
32,45acd0hi,56f9364e895094000c8f4967,0,29,29,Thanks,MyPage,2024-03-20 15:21:04.727325,1,,,100.0,32,,0.0,4,1,1,slvfalvu,,,,,0
33,xd4axacw,603d6ae665fbaacb5621ede2,0,29,29,Thanks,MyPage,2024-03-20 15:21:06.062789,1,,,150.0,33,,0.0,4,1,1,slvfalvu,,,,,0
34,bazs59tg,5d9be6d4d6e5640016b915df,0,29,29,Thanks,MyPage,2024-03-20 15:21:08.392576,1,,,150.0,34,,0.0,2,1,1,slvfalvu,,,,,0
35,noen80js,5ac5a9a9f69e940001d984b5,0,29,29,Thanks,MyPage,2024-03-20 15:21:08.474781,1,,,50.0,35,,0.0,1,1,1,slvfalvu,,,,,0
36,d9cuy7kn,55d35935da14d7001295326b,0,29,29,Thanks,MyPage,2024-03-20 15:21:08.689041,1,,,200.0,36,,0.0,2,1,1,slvfalvu,,,,,0
37,90aa45mg,5f7514ff19c40e188cc4f70c,0,29,29,Thanks,MyPage,2024-03-20 15:21:12.459415,1,,,50.0,37,,0.0,2,1,1,slvfalvu,,,,,0
38,nqjoiyps,596a4e2c2dcbae0001d961d2,0,29,29,Thanks,MyPage,2024-03-20 15:21:13.079068,1,,,100.0,38,,0.0,2,1,1,slvfalvu,,,,,0
39,gcvst1sk,5a47b7be2f91ec0001dcbfee,0,29,29,Thanks,MyPage,2024-03-20 15:21:13.093261,1,,,200.0,39,,0.0,2,1,1,slvfalvu,,,,,0
40,7p4x0yb6,6441a0b968ccfb017694a842,0,29,29,Thanks,MyPage,2024-03-20 15:21:13.330409,1,,,200.0,40,,0.0,2,1,1,slvfalvu,,,,,0
41,6ou6lh9g,60bd28cc95ab27d4f4f6ada3,0,29,29,Thanks,MyPage,2024-03-20 15:21:13.571520,1,,,150.0,41,,0.0,5,1,1,slvfalvu,,,,,0
42,yyeh3h26,65c17f809c893363dae6bc4a,0,29,29,Thanks,MyPage,2024-03-20 15:21:13.960994,1,,,100.0,42,,0.0,1,1,1,slvfalvu,,,,,0
43,xhe7waou,5c830a66d6a4d0000164097d,0,29,29,Thanks,MyPage,2024-03-20 15:21:14.564815,1,,,200.0,43,,0.0,1,1,1,slvfalvu,,,,,0
44,t7jmhpip,65675fc41f976fff5dcee21e,0,6,29,Intro_ST,TestPage,2024-03-20 15:21:16.417306,1,,,0.0,44,,0.0,,1,1,slvfalvu,,,,,0
45,mlpzo8sk,654455ad0b76675379c66db4,0,29,29,Thanks,MyPage,2024-03-20 15:21:16.832403,1,,,200.0,45,,0.0,1,1,1,slvfalvu,,,,,0
46,tfo7la26,65f7145087c460056a1a80da,0,29,29,Thanks,MyPage,2024-03-20 15:21:16.895842,1,,,100.0,46,,0.0,1,1,1,slvfalvu,,,,,0
47,xuqkg39m,5dd9f0e719eecb97dfab7b48,0,29,29,Thanks,MyPage,2024-03-20 15:21:17.227468,1,,,100.0,47,,0.0,4,1,1,slvfalvu,,,,,0
48,jptf5jgl,63f3727c6e41f63c9b2a6f1f,0,4,29,Intro_ST,GameIntroPage,2024-03-20 15:21:17.450889,1,,,0.0,48,,0.0,,1,1,slvfalvu,,,,,0
49,crr2m7bc,546e3778fdf99b2bc7ebcff6,0,29,29,Thanks,MyPage,2024-03-20 15:21:18.861358,1,,,200.0,49,,0.0,4,1,1,slvfalvu,,,,,0
50,xdrs4s5q,65d0c7b16a2da5193f3f3201,0,29,29,Thanks,MyPage,2024-03-20 15:21:19.560779,1,,,150.0,50,,0.0,4,1,1,slvfalvu,,,,,0
51,2iapla3r,62e097c92160176b0b9c2619,0,29,29,Thanks,MyPage,2024-03-20 15:21:20.175591,1,,,150.0,51,,0.0,2,1,1,slvfalvu,,,,,0
52,xvkqbho3,65675bf1cebf57f45586d9a2,0,4,29,Intro_ST,GameIntroPage,2024-03-20 15:21:20.550194,1,,,0.0,52,,0.0,,1,1,slvfalvu,,,,,0
53,sesv4uh2,657322bd0c81d1e8853d38e8,0,29,29,Thanks,MyPage,2024-03-20 15:21:21.849756,1,,,50.0,53,,0.0,5,1,1,slvfalvu,,,,,0
54,tfkgmsn9,65df67249b9a26deefa58d75,0,29,29,Thanks,MyPage,2024-03-20 15:21:22.132832,1,,,100.0,54,,0.0,1,1,1,slvfalvu,,,,,0
55,1txc79jq,60da18dba560960ea60a8fe5,0,29,29,Thanks,MyPage,2024-03-20 15:21:23.097283,1,,,50.0,55,,0.0,5,1,1,slvfalvu,,,,,0
56,uql7b8s8,5f467b0a0d1aef037515c8c9,0,29,29,Thanks,MyPage,2024-03-20 15:21:23.249954,1,,,50.0,56,,0.0,2,1,1,slvfalvu,,,,,0
57,ctxuvnus,5ddd2a4459b1b0c7509c7a47,0,16,29,not_completed,MyPage,2024-03-20 15:21:25.760477,1,,,0.0,57,,0.0,,1,1,slvfalvu,,,,,0
58,7tfbyvhj,5c58fdd6fa9e940001080c18,0,29,29,Thanks,MyPage,2024-03-20 15:21:26.388998,1,,,200.0,58,,0.0,3,1,1,slvfalvu,,,,,0
59,bpu9ih4v,5698f2a7b0e165000c0158cd,0,29,29,Thanks,MyPage,2024-03-20 15:21:27.137831,1,,,200.0,59,,0.0,2,1,1,slvfalvu,,,,,0
60,leyulr27,5dbf11701429823ba384bd3c,0,29,29,Thanks,MyPage,2024-03-20 15:21:27.621548,1,,,150.0,60,,0.0,5,1,1,slvfalvu,,,,,0
61,c8rtqr5a,650d9240b7f9fcecaf1f9656,0,5,29,Intro_ST,DemoPage,2024-03-20 15:21:28.236830,1,,,0.0,61,,0.0,,1,1,slvfalvu,,,,,0
62,qxjvwxwc,5dcf6d762e4a050ac2cba07d,0,6,29,Intro_ST,TestPage,2024-03-20 15:21:28.318728,1,,,0.0,62,,0.0,,1,1,slvfalvu,,,,,0
63,m867xxow,5cd6c1197b871a0001b13589,0,29,29,Thanks,MyPage,2024-03-20 15:21:29.192402,1,,,100.0,63,,0.0,2,1,1,slvfalvu,,,,,0
64,n5gzyyay,647621dbfc364c3b8c75f627,0,29,29,Thanks,MyPage,2024-03-20 15:21:30.153736,1,,,200.0,64,,0.0,1,1,1,slvfalvu,,,,,0
65,zgfrunak,5fd67cce91f9895969c0edee,0,29,29,Thanks,MyPage,2024-03-20 15:21:30.735833,1,,,100.0,65,,0.0,3,1,1,slvfalvu,,,,,0
66,obu3b557,594ec90eca6e670001b2c184,0,29,29,Thanks,MyPage,2024-03-20 15:21:30.728941,1,,,100.0,66,,0.0,2,1,1,slvfalvu,,,,,0
67,3tweuy3w,650c4b13c66716e1de2d75cf,0,29,29,Thanks,MyPage,2024-03-20 15:21:30.752258,1,,,200.0,67,,0.0,4,1,1,slvfalvu,,,,,0
68,1g5pv8k9,5f7529755aaa0e1a6e804640,0,29,29,Thanks,MyPage,2024-03-20 15:21:31.602790,1,,,150.0,68,,0.0,4,1,1,slvfalvu,,,,,0
69,zv1cq2n3,5fbb89e20ddd50a66ab62a67,0,29,29,Thanks,MyPage,2024-03-20 15:21:34.472447,1,,,50.0,69,,0.0,2,1,1,slvfalvu,,,,,0
70,xmxsnfd6,63e5257dc5aceb22cee2ddf1,0,29,29,Thanks,MyPage,2024-03-20 15:21:34.944638,1,,,150.0,70,,0.0,4,1,1,slvfalvu,,,,,0
71,e7fqdzlq,65707e9db593e1e6c2e7b416,0,29,29,Thanks,MyPage,2024-03-20 15:21:36.812544,1,,,200.0,71,,0.0,4,1,1,slvfalvu,,,,,0
72,r1o4dldh,63bc819194ca25a555eb8fb5,0,29,29,Thanks,MyPage,2024-03-20 15:21:36.967875,1,,,50.0,72,,0.0,2,1,1,slvfalvu,,,,,0
73,4zq1qbvl,62959d1553cc14e98f4b8d78,0,29,29,Thanks,MyPage,2024-03-20 15:21:37.382995,1,,,200.0,73,,0.0,1,1,1,slvfalvu,,,,,0
74,kvcxt3w0,60b348a8332d26d4b88be6a1,0,29,29,Thanks,MyPage,2024-03-20 15:21:38.210219,1,,,50.0,74,,0.0,1,1,1,slvfalvu,,,,,0
75,0r9axio4,63c949f6ecb7d04be0d9c8a8,0,29,29,Thanks,MyPage,2024-03-20 15:21:40.808417,1,,,200.0,75,,0.0,3,1,1,slvfalvu,,,,,0
76,enxmkqhn,5fd7782dee03dc08d3f3f491,0,29,29,Thanks,MyPage,2024-03-20 15:21:45.020811,1,,,200.0,76,,0.0,2,1,1,slvfalvu,,,,,0
77,3a3b07zu,6266a599c7361af8b51a95e0,0,6,29,Intro_ST,TestPage,2024-03-20 15:21:50.561328,1,,,0.0,77,,0.0,,1,1,slvfalvu,,,,,0
78,kg3q2roq,5f5452df72345118f58d187b,0,29,29,Thanks,MyPage,2024-03-20 15:21:51.259096,1,,,150.0,78,,0.0,2,1,1,slvfalvu,,,,,0
79,mqqwjvl6,559c3e07fdf99b32b55f2d8d,0,2,29,Consent_general,GeneralIntroPage,2024-03-20 15:21:52.389796,1,,,0.0,79,,0.0,,1,1,slvfalvu,,,,,0
80,o4csjg41,5fde4bdb99e7cf5b87787664,0,6,29,Intro_ST,TestPage,2024-03-20 15:21:53.238755,1,,,0.0,80,,0.0,,1,1,slvfalvu,,,,,0
81,4yzsetej,5eb5f6d5e38e9f4e6c8dde3f,0,29,29,Thanks,MyPage,2024-03-20 15:21:55.265353,1,,,150.0,81,,0.0,5,1,1,slvfalvu,,,,,0
82,y1k6djbn,637d66726deca3adc9d0081c,0,4,29,Intro_ST,GameIntroPage,2024-03-20 15:22:00.207648,1,,,0.0,82,,0.0,,1,1,slvfalvu,,,,,0
83,ax9vmqda,5fb7dd473afbb1033b491811,0,29,29,Thanks,MyPage,2024-03-20 15:22:13.894853,1,,,150.0,83,,0.0,4,1,1,slvfalvu,,,,,0
84,v4bl1a2y,65819ebb9baf5002d202f320,0,29,29,Thanks,MyPage,2024-03-20 15:22:15.771083,1,,,150.0,84,,0.0,2,1,1,slvfalvu,,,,,0
85,o4hrvxlj,63312f0451ba56e5a520eb62,0,4,29,Intro_ST,GameIntroPage,2024-03-20 15:22:29.397380,1,,,0.0,85,,0.0,,1,1,slvfalvu,,,,,0
86,xc2lcfae,572d05c688902e00091e4a2c,0,29,29,Thanks,MyPage,2024-03-20 15:22:58.131026,1,,,150.0,86,,0.0,4,1,1,slvfalvu,,,,,0
87,55amia1f,63bed6e176fba857a47fbaff,0,6,29,Intro_ST,TestPage,2024-03-20 15:22:58.533058,1,,,0.0,87,,0.0,,1,1,slvfalvu,,,,,0
88,sjjpj6jb,55bc1119fdf99b5693f3ec47,0,29,29,Thanks,MyPage,2024-03-20 15:23:00.313809,1,,,200.0,88,,0.0,2,1,1,slvfalvu,,,,,0
89,7zge4ebs,65f45946f2b97b9d40761ce1,0,29,29,Thanks,MyPage,2024-03-20 15:23:09.345003,1,,,200.0,89,,0.0,4,1,1,slvfalvu,,,,,0
90,yxuw4ikb,5ec00f62cf12be40ea6fe344,0,29,29,Thanks,MyPage,2024-03-20 15:23:10.154677,1,,,150.0,90,,0.0,2,1,1,slvfalvu,,,,,0
91,py63kb6s,62bb42e2f21cfdb280cc975f,0,29,29,Thanks,MyPage,2024-03-20 15:23:35.557773,1,,,200.0,91,,0.0,2,1,1,slvfalvu,,,,,0
92,gc3n0mwt,57210674951c9b0011d3eaaa,0,29,29,Thanks,MyPage,2024-03-20 15:23:54.146325,1,,,150.0,92,,0.0,4,1,1,slvfalvu,,,,,0
93,tuicrf2r,5db4f0b63e33f2000dd54016,0,29,29,Thanks,MyPage,2024-03-20 15:24:14.010961,1,,,50.0,93,,0.0,2,1,1,slvfalvu,,,,,0
94,vjjuhbs9,5c78b032419dcc0014119082,0,29,29,Thanks,MyPage,2024-03-20 15:24:35.657896,1,,,150.0,94,,0.0,5,1,1,slvfalvu,,,,,0
95,frqrkc64,657dd22938e31904b66ca3b4,0,29,29,Thanks,MyPage,2024-03-20 15:25:32.985801,1,,,50.0,95,,0.0,4,1,1,slvfalvu,,,,,0
96,3kh9w5mk,62a099bb01ad779df1971ea4,0,29,29,Thanks,MyPage,2024-03-20 15:26:07.278182,1,,,150.0,96,,0.0,4,1,1,slvfalvu,,,,,0
97,n40q5s3p,64e970e4337e163e71677537,0,29,29,Thanks,MyPage,2024-03-20 15:26:32.504404,1,,,200.0,97,,0.0,2,1,1,slvfalvu,,,,,0
98,ebv028me,63b63938dbf229f3eb46d4a4,0,29,29,Thanks,MyPage,2024-03-20 15:26:46.046225,1,,,200.0,98,,0.0,4,1,1,slvfalvu,,,,,0
99,uf6cxosd,65e91c3fb210430e176c0582,0,29,29,Thanks,MyPage,2024-03-20 15:27:06.139444,1,,,50.0,99,,0.0,3,1,1,slvfalvu,,,,,0
100,sguddyr8,61705235c277934df17055e6,0,29,29,Thanks,MyPage,2024-03-20 15:27:24.970645,1,,,150.0,100,,0.0,2,1,1,slvfalvu,,,,,0
101,q5rqazbr,65dcca0d187f1e33aa00fca1,0,29,29,Thanks,MyPage,2024-03-20 15:27:39.359170,1,,,200.0,101,,0.0,1,1,1,slvfalvu,,,,,0
102,h8qdvw4g,5bd494e5669ee1000144c587,0,29,29,Thanks,MyPage,2024-03-20 15:27:39.914977,1,,,150.0,102,,0.0,1,1,1,slvfalvu,,,,,0
103,n9vx51wn,654ba95a19813f11335c3098,0,6,29,Intro_ST,TestPage,2024-03-20 15:27:49.835147,1,,,0.0,103,,0.0,,1,1,slvfalvu,,,,,0
104,31idpyk4,65814eeb46e0e08413c672b5,0,7,29,Intro_ST,TestAnsPage,2024-03-20 15:28:33.793641,1,,,0.0,104,,0.0,,1,1,slvfalvu,,,,,0
105,meoh7lty,62dc2f6e1e5f78dd81cb4920,0,29,29,Thanks,MyPage,2024-03-20 15:29:11.546924,1,,,50.0,105,,0.0,4,1,1,slvfalvu,,,,,0
106,1uhk1zk3,648a3e85644594030e52bcfd,0,29,29,Thanks,MyPage,2024-03-20 15:30:06.428821,1,,,50.0,106,,0.0,1,1,1,slvfalvu,,,,,0
107,2jomm6gy,58509fbda6946500016117ed,0,29,29,Thanks,MyPage,2024-03-20 15:31:45.106945,1,,,200.0,107,,0.0,3,1,1,slvfalvu,,,,,0
108,f1evc37l,5c6a36214fbf270001311702,0,29,29,Thanks,MyPage,2024-03-20 15:32:03.432378,1,,,50.0,108,,0.0,4,1,1,slvfalvu,,,,,0
109,440ep0oh,63ca0371da16422efc4d483f,0,17,29,kicked_out,MyPage,2024-03-20 15:34:11.489824,1,,,0.0,109,,0.0,,1,1,slvfalvu,,,,,0
110,ib0axx52,5e07d174da6bad1342bafab2,0,29,29,Thanks,MyPage,2024-03-20 15:34:25.450001,1,,,50.0,110,,0.0,2,1,1,slvfalvu,,,,,0
111,b08gjziv,564e93659b124900127eb55b,0,16,29,not_completed,MyPage,2024-03-20 15:38:22.964918,1,,,0.0,111,,0.0,,1,1,slvfalvu,,,,,0
112,8j5rmfkx,5f79bca83a2eb65c0983816d,0,16,29,not_completed,MyPage,2024-03-20 15:44:37.121350,1,,,0.0,112,,0.0,,1,1,slvfalvu,,,,,0
113,6h9siclo,63c93f3a44e47b49c6f0223c,0,29,29,Thanks,MyPage,2024-03-20 15:57:55.030805,1,,,50.0,113,,0.0,4,1,1,slvfalvu,,,,,0
114,268z8312,6073e0d481953bbd2cd61145,0,29,29,Thanks,MyPage,2024-03-20 15:58:19.728384,1,,,200.0,114,,0.0,2,1,1,slvfalvu,,,,,0
115,3sukalaq,63cc61687ea57d11f6761f4d,0,16,29,not_completed,MyPage,2024-03-20 16:06:28.353750,1,,,0.0,115,,0.0,,1,1,slvfalvu,,,,,0
116,i9ta7oau,,0,0,29,,,,0,,,0.0,116,,0.0,,1,1,slvfalvu,,,,,0
117,fbexaoy5,,0,0,29,,,,0,,,0.0,117,,0.0,,1,1,slvfalvu,,,,,0
118,rencox29,,0,0,29,,,,0,,,0.0,118,,0.0,,1,1,slvfalvu,,,,,0
119,bg34ne1z,,0,0,29,,,,0,,,0.0,119,,0.0,,1,1,slvfalvu,,,,,0
120,d9dfw9pw,,0,0,29,,,,0,,,0.0,120,,0.0,,1,1,slvfalvu,,,,,0
121,kpkur306,,0,0,29,,,,0,,,0.0,121,,0.0,,1,1,slvfalvu,,,,,0
122,qirwruz7,,0,0,29,,,,0,,,0.0,122,,0.0,,1,1,slvfalvu,,,,,0
123,cge171gb,,0,0,29,,,,0,,,0.0,123,,0.0,,1,1,slvfalvu,,,,,0
124,72rukpdh,,0,0,29,,,,0,,,0.0,124,,0.0,,1,1,slvfalvu,,,,,0
125,uyfod4yp,,0,0,29,,,,0,,,0.0,125,,0.0,,1,1,slvfalvu,,,,,0
126,zaxlury5,,0,0,29,,,,0,,,0.0,126,,0.0,,1,1,slvfalvu,,,,,0
127,lkryk3up,,0,0,29,,,,0,,,0.0,127,,0.0,,1,1,slvfalvu,,,,,0
128,8b0ovgk4,,0,0,29,,,,0,,,0.0,128,,0.0,,1,1,slvfalvu,,,,,0
129,ziwd3vd8,,0,0,29,,,,0,,,0.0,129,,0.0,,1,1,slvfalvu,,,,,0
130,jizlb029,,0,0,29,,,,0,,,0.0,130,,0.0,,1,1,slvfalvu,,,,,0
1,jcb5p4r4,63c515f70542e2ff1937031b,0,1,32,Consent_general,ConsentPage,2024-03-20 16:35:01.436704,1,,,0.0,1,,0.0,,1,1,7reoo3kl,,,,,0
2,fhavdxuf,61531a9bd8acf4e88e083892,0,32,32,Thanks,MyPage,2024-03-20 16:37:01.108391,1,,,150.0,2,,0.0,5,1,1,7reoo3kl,,,,,0
3,l9t0g9ij,63d69919e9b7547ceeb0d31d,0,32,32,Thanks,MyPage,2024-03-20 16:37:15.107719,1,,,100.0,3,,0.0,3,1,1,7reoo3kl,,,,,0
4,ydogyhgb,5c475608cae0ab000188cb6e,0,32,32,Thanks,MyPage,2024-03-20 16:37:43.428470,1,,,200.0,4,,0.0,2,1,1,7reoo3kl,,,,,0
5,uymre0gf,65cf88a1a3887a237da61f94,0,32,32,Thanks,MyPage,2024-03-20 16:37:44.703837,1,,,150.0,5,,0.0,4,1,1,7reoo3kl,,,,,0
6,b31viyw5,569298838d93fe000dfa033c,0,4,32,Intro_SQ,GameIntroPage,2024-03-20 16:37:51.747420,1,,,0.0,6,,0.0,,1,1,7reoo3kl,,,,,0
7,9lik89oe,640d43c9451ce148162a7643,0,32,32,Thanks,MyPage,2024-03-20 16:38:06.818227,1,,,150.0,7,,0.0,2,1,1,7reoo3kl,,,,,0
8,4ixtcdl2,138E07j3126ml597596n5667,0,1,32,Consent_general,ConsentPage,2024-03-20 16:38:08.018353,1,,,0.0,8,,0.0,,1,1,7reoo3kl,,,,,0
9,9tkvjqom,5c5ac2869d974300015d81fc,0,32,32,Thanks,MyPage,2024-03-20 16:38:09.708109,1,,,100.0,9,,0.0,2,1,1,7reoo3kl,,,,,0
10,wv4d09w0,65e22b2cb3efd22e847d0bf0,0,32,32,Thanks,MyPage,2024-03-20 16:38:13.803525,1,,,150.0,10,,0.0,1,1,1,7reoo3kl,,,,,0
11,vs690o5e,5aa806e7777df200016088c5,0,32,32,Thanks,MyPage,2024-03-20 16:38:23.823363,1,,,100.0,11,,0.0,4,1,1,7reoo3kl,,,,,0
12,se4ia6zi,607778a26ff3de83125f50c5,0,32,32,Thanks,MyPage,2024-03-20 16:38:24.722604,1,,,150.0,12,,0.0,3,1,1,7reoo3kl,,,,,0
13,bbvg2af9,646674819405d971b1c013b6,0,19,32,not_completed,MyPage,2024-03-20 16:38:39.792050,1,,,0.0,13,,0.0,,1,1,7reoo3kl,,,,,0
14,65h7slna,5dcea7314d51e4107516c80d,0,4,32,Intro_SQ,GameIntroPage,2024-03-20 16:38:39.569676,1,,,0.0,14,,0.0,,1,1,7reoo3kl,,,,,0
15,camhj5nl,6581458319fd30c077feba23,0,6,32,Intro_SQ,TestPage,2024-03-20 16:38:41.712085,1,,,0.0,15,,0.0,,1,1,7reoo3kl,,,,,0
16,t1k7twc3,644937030a7868838f1e1b9a,0,32,32,Thanks,MyPage,2024-03-20 16:38:53.573729,1,,,150.0,16,,0.0,1,1,1,7reoo3kl,,,,,0
17,d9d35sd9,6328817c90a7f703ded34c91,0,32,32,Thanks,MyPage,2024-03-20 16:38:54.655181,1,,,150.0,17,,0.0,1,1,1,7reoo3kl,,,,,0
18,xfdmmc1r,58935d5d4d77be0001689f14,0,20,32,kicked_out,MyPage,2024-03-20 16:38:55.603077,1,,,0.0,18,,0.0,,1,1,7reoo3kl,,,,,0
19,x4vc2b27,6276d97e209059496d37bf74,0,32,32,Thanks,MyPage,2024-03-20 16:38:57.366227,1,,,150.0,19,,0.0,4,1,1,7reoo3kl,,,,,0
20,mhenzpne,138007731E6095975L6n5O6Z,0,1,32,Consent_general,ConsentPage,2024-03-20 16:38:59.739791,1,,,0.0,20,,0.0,,1,1,7reoo3kl,,,,,0
21,jxztfgoz,63d15e1be853005ff591b935,0,32,32,Thanks,MyPage,2024-03-20 16:39:04.017939,1,,,150.0,21,,0.0,4,1,1,7reoo3kl,,,,,0
22,cn0au0kp,59565b1bbbb52400017ad4e1,0,32,32,Thanks,MyPage,2024-03-20 16:39:04.671797,1,,,200.0,22,,0.0,1,1,1,7reoo3kl,,,,,0
23,zcdvhzhw,65f506b13213d7223ce26cd8,0,32,32,Thanks,MyPage,2024-03-20 16:39:06.315908,1,,,100.0,23,,0.0,2,1,1,7reoo3kl,,,,,0
24,0kne3c46,641357b26802e397b5627d5e,0,4,32,Intro_SQ,GameIntroPage,2024-03-20 16:39:07.519798,1,,,0.0,24,,0.0,,1,1,7reoo3kl,,,,,0
25,9llbimqa,642c4f6e95f13dc4c1b54712,0,32,32,Thanks,MyPage,2024-03-20 16:39:07.666831,1,,,150.0,25,,0.0,2,1,1,7reoo3kl,,,,,0
26,qndvkm8r,5bc913d99427200001dd47f5,0,32,32,Thanks,MyPage,2024-03-20 16:39:08.061097,1,,,100.0,26,,0.0,4,1,1,7reoo3kl,,,,,0
27,0by00w8e,60de9c66c01a9de405e9efb0,0,2,32,Consent_general,GeneralIntroPage,2024-03-20 16:39:08.677983,1,,,0.0,27,,0.0,,1,1,7reoo3kl,,,,,0
28,clenilmf,5d88f2f8cefb52001a83f1b2,0,32,32,Thanks,MyPage,2024-03-20 16:39:11.149851,1,,,150.0,28,,0.0,2,1,1,7reoo3kl,,,,,0
29,t1h5mtgk,65e33239b5fa3ca93950aa67,0,32,32,Thanks,MyPage,2024-03-20 16:39:13.043735,1,,,100.0,29,,0.0,4,1,1,7reoo3kl,,,,,0
30,e5c6qe8b,6365ab361b71daa9f0eed7bd,0,32,32,Thanks,MyPage,2024-03-20 16:39:14.743796,1,,,200.0,30,,0.0,3,1,1,7reoo3kl,,,,,0
31,95edrggn,5d4a6459061e2a000138bad3,0,32,32,Thanks,MyPage,2024-03-20 16:39:22.159243,1,,,100.0,31,,0.0,3,1,1,7reoo3kl,,,,,0
32,af3jajv8,629642bfde2bf56c1ec2a420,0,32,32,Thanks,MyPage,2024-03-20 16:39:22.596196,1,,,150.0,32,,0.0,1,1,1,7reoo3kl,,,,,0
33,y8a6li4v,65031f68de6e940396216f8a,0,6,32,Intro_SQ,TestPage,2024-03-20 16:39:22.879402,1,,,0.0,33,,0.0,,1,1,7reoo3kl,,,,,0
34,max76gsn,60e755dd08b47aac26807cd9,0,32,32,Thanks,MyPage,2024-03-20 16:39:22.991251,1,,,150.0,34,,0.0,5,1,1,7reoo3kl,,,,,0
35,bafpj7nh,5ef8dcdad9a3d864a1dea285,0,20,32,kicked_out,MyPage,2024-03-20 16:39:26.918654,1,,,0.0,35,,0.0,,1,1,7reoo3kl,,,,,0
36,u6os1v5a,63ecff07b619306f41db42fa,0,32,32,Thanks,MyPage,2024-03-20 16:39:27.576912,1,,,50.0,36,,0.0,2,1,1,7reoo3kl,,,,,0
37,ujw40wb6,5d1e5ece2e9ac30016b522c5,0,32,32,Thanks,MyPage,2024-03-20 16:39:28.247027,1,,,100.0,37,,0.0,1,1,1,7reoo3kl,,,,,0
38,f05bnpkf,64d90ef50ad4204b1babb416,0,32,32,Thanks,MyPage,2024-03-20 16:39:29.226991,1,,,150.0,38,,0.0,4,1,1,7reoo3kl,,,,,0
39,u13pq3qa,5bc9f8b677740000016a08b5,0,32,32,Thanks,MyPage,2024-03-20 16:39:29.298097,1,,,150.0,39,,0.0,1,1,1,7reoo3kl,,,,,0
40,esudgms1,6132542039ead71f30971bd6,0,32,32,Thanks,MyPage,2024-03-20 16:39:30.273216,1,,,150.0,40,,0.0,1,1,1,7reoo3kl,,,,,0
41,8ggc3vyq,62734ce38db73cd5bd81a36f,0,32,32,Thanks,MyPage,2024-03-20 16:39:33.032983,1,,,50.0,41,,0.0,4,1,1,7reoo3kl,,,,,0
42,tbenxxyz,65df409ed4caf8deef4ae2b0,0,32,32,Thanks,MyPage,2024-03-20 16:39:36.603764,1,,,150.0,42,,0.0,5,1,1,7reoo3kl,,,,,0
43,bix0o7tt,60d3789eaea26baa8ff53bb8,0,32,32,Thanks,MyPage,2024-03-20 16:39:38.736138,1,,,150.0,43,,0.0,2,1,1,7reoo3kl,,,,,0
44,mv4pf67e,5c3a865019ceb400010c914a,0,32,32,Thanks,MyPage,2024-03-20 16:39:39.414049,1,,,150.0,44,,0.0,4,1,1,7reoo3kl,,,,,0
45,xn3g1qgn,633dbba020f607c3522b86ed,0,32,32,Thanks,MyPage,2024-03-20 16:39:40.317968,1,,,150.0,45,,0.0,2,1,1,7reoo3kl,,,,,0
46,lfd4vbo4,5d74001d391b6600175f433b,0,32,32,Thanks,MyPage,2024-03-20 16:39:41.161916,1,,,150.0,46,,0.0,3,1,1,7reoo3kl,,,,,0
47,ydco3wpg,5de30dd39a9da5342d09f2e8,0,32,32,Thanks,MyPage,2024-03-20 16:39:41.211998,1,,,150.0,47,,0.0,2,1,1,7reoo3kl,,,,,0
48,ufrymojs,63fd0a7da4c0df409be0a784,0,32,32,Thanks,MyPage,2024-03-20 16:39:45.585838,1,,,50.0,48,,0.0,2,1,1,7reoo3kl,,,,,0
49,bc9urtir,6012e262527c380ccb2a6c74,0,32,32,Thanks,MyPage,2024-03-20 16:39:47.709753,1,,,100.0,49,,0.0,1,1,1,7reoo3kl,,,,,0
50,g8pcefsf,647dde92d730823a9e5c7f0f,0,4,32,Intro_SQ,GameIntroPage,2024-03-20 16:39:48.307141,1,,,0.0,50,,0.0,,1,1,7reoo3kl,,,,,0
51,acwcv908,63acbbe336a9ca92853dca4a,0,32,32,Thanks,MyPage,2024-03-20 16:39:53.080943,1,,,150.0,51,,0.0,5,1,1,7reoo3kl,,,,,0
52,1i1l6ptf,5f6e36c7f042f033d0f97bc1,0,32,32,Thanks,MyPage,2024-03-20 16:39:56.409739,1,,,150.0,52,,0.0,3,1,1,7reoo3kl,,,,,0
53,fjsqwqi8,63cff262503b56190be3eb18,0,32,32,Thanks,MyPage,2024-03-20 16:39:57.621585,1,,,50.0,53,,0.0,1,1,1,7reoo3kl,,,,,0
54,b4ul9ffu,6307f3c967020d1202332b77,0,5,32,Intro_SQ,DemoPage,2024-03-20 16:40:10.461744,1,,,0.0,54,,0.0,,1,1,7reoo3kl,,,,,0
55,jyi9x5hg,655f97cd4f1c17ae262fd0fa,0,32,32,Thanks,MyPage,2024-03-20 16:40:54.778237,1,,,200.0,55,,0.0,2,1,1,7reoo3kl,,,,,0
56,u2hc02jf,5e6fd3293c76d25a3ca8b384,0,32,32,Thanks,MyPage,2024-03-20 16:41:23.124130,1,,,150.0,56,,0.0,5,1,1,7reoo3kl,,,,,0
57,8icsssrd,55b424e1fdf99b526efcf8d0,0,32,32,Thanks,MyPage,2024-03-20 16:41:56.163308,1,,,100.0,57,,0.0,4,1,1,7reoo3kl,,,,,0
58,23fsviqx,645ee0535d907605481e739d,0,32,32,Thanks,MyPage,2024-03-20 16:41:59.230923,1,,,50.0,58,,0.0,4,1,1,7reoo3kl,,,,,0
59,8tcwisyu,62b2c25fa2e87e7ed2da2b87,0,32,32,Thanks,MyPage,2024-03-20 16:42:19.286768,1,,,100.0,59,,0.0,3,1,1,7reoo3kl,,,,,0
60,ulcyqfs4,63039dbefda87c47a91fec04,0,32,32,Thanks,MyPage,2024-03-20 16:42:27.271579,1,,,200.0,60,,0.0,2,1,1,7reoo3kl,,,,,0
61,b70awhxd,5db48b4d14dab8000de45fdf,0,32,32,Thanks,MyPage,2024-03-20 16:42:40.770352,1,,,100.0,61,,0.0,4,1,1,7reoo3kl,,,,,0
62,sthrs6bv,63e2efb080652555c6d566cb,0,32,32,Thanks,MyPage,2024-03-20 16:42:41.111443,1,,,150.0,62,,0.0,4,1,1,7reoo3kl,,,,,0
63,mvesea1j,652941642ad583dda3850fa9,0,6,32,Intro_SQ,TestPage,2024-03-20 16:42:57.534823,1,,,0.0,63,,0.0,,1,1,7reoo3kl,,,,,0
64,8lh4ewtx,5f3f5ad05ec7d1257993b196,0,4,32,Intro_SQ,GameIntroPage,2024-03-20 16:42:58.405897,1,,,0.0,64,,0.0,,1,1,7reoo3kl,,,,,0
65,7aq7enxq,5df2f36b617219204de98060,0,32,32,Thanks,MyPage,2024-03-20 16:43:05.736758,1,,,150.0,65,,0.0,4,1,1,7reoo3kl,,,,,0
66,oiya3ec5,646ce077bee5dbbd60d98c23,0,32,32,Thanks,MyPage,2024-03-20 16:43:06.271324,1,,,150.0,66,,0.0,4,1,1,7reoo3kl,,,,,0
67,nukwdjn9,5e88dd7a0febe805d3a120b6,0,32,32,Thanks,MyPage,2024-03-20 16:43:08.855987,1,,,50.0,67,,0.0,4,1,1,7reoo3kl,,,,,0
68,hmcsgugg,5cbe04b4f429ff00159de30e,0,32,32,Thanks,MyPage,2024-03-20 16:43:13.494030,1,,,100.0,68,,0.0,1,1,1,7reoo3kl,,,,,0
69,8al3uqov,5c1a9424a329230001ecaabd,0,32,32,Thanks,MyPage,2024-03-20 16:43:13.421216,1,,,150.0,69,,0.0,4,1,1,7reoo3kl,,,,,0
70,akg01n6h,64345edc0fd9813bdd9ef181,0,19,32,not_completed,MyPage,2024-03-20 16:43:19.319984,1,,,0.0,70,,0.0,,1,1,7reoo3kl,,,,,0
71,cl0odx4q,5720a9f6fd3a5200113c1891,0,32,32,Thanks,MyPage,2024-03-20 16:43:20.778931,1,,,100.0,71,,0.0,3,1,1,7reoo3kl,,,,,0
72,xvbyin7d,65a955a5b8f4c0e0d1f24e13,0,32,32,Thanks,MyPage,2024-03-20 16:43:21.391626,1,,,150.0,72,,0.0,5,1,1,7reoo3kl,,,,,0
73,ovbvghbd,5c476621b521ee00019abf67,0,32,32,Thanks,MyPage,2024-03-20 16:43:21.474796,1,,,50.0,73,,0.0,1,1,1,7reoo3kl,,,,,0
74,orc5x3rk,5c1e2dc92631ed0001040b23,0,32,32,Thanks,MyPage,2024-03-20 16:43:26.415347,1,,,100.0,74,,0.0,4,1,1,7reoo3kl,,,,,0
75,bmbz7byy,65e8ad6fc0d7e3832cf02159,0,32,32,Thanks,MyPage,2024-03-20 16:43:26.824247,1,,,100.0,75,,0.0,1,1,1,7reoo3kl,,,,,0
76,qwe9ljcy,63614899ad49a91f1ef09067,0,32,32,Thanks,MyPage,2024-03-20 16:43:26.907121,1,,,100.0,76,,0.0,4,1,1,7reoo3kl,,,,,0
77,5006s820,5c748b9188fdc20017c60436,0,32,32,Thanks,MyPage,2024-03-20 16:43:28.408439,1,,,150.0,77,,0.0,2,1,1,7reoo3kl,,,,,0
78,0ma8v2t5,60d13d406f3b34d6791c8831,0,32,32,Thanks,MyPage,2024-03-20 16:43:29.257261,1,,,50.0,78,,0.0,2,1,1,7reoo3kl,,,,,0
79,mky6of2z,65ecbbfd7c441da2b07a6faa,0,32,32,Thanks,MyPage,2024-03-20 16:43:29.502376,1,,,100.0,79,,0.0,4,1,1,7reoo3kl,,,,,0
80,4gmgg0l9,65ea1ff55977102030f4b184,0,32,32,Thanks,MyPage,2024-03-20 16:43:30.840323,1,,,150.0,80,,0.0,2,1,1,7reoo3kl,,,,,0
81,h82cyxca,581e0aee4182b600017307ea,0,32,32,Thanks,MyPage,2024-03-20 16:43:31.282468,1,,,150.0,81,,0.0,2,1,1,7reoo3kl,,,,,0
82,m4kqsv8s,61155a7ed7bb8ba7da579301,0,32,32,Thanks,MyPage,2024-03-20 16:43:34.935030,1,,,50.0,82,,0.0,2,1,1,7reoo3kl,,,,,0
83,hq5x13s8,5dcc3ec7db13278d75c8622f,0,32,32,Thanks,MyPage,2024-03-20 16:43:37.818599,1,,,200.0,83,,0.0,4,1,1,7reoo3kl,,,,,0
84,8q6c8upd,5ed2bb7a67d51b24b2ac4037,0,32,32,Thanks,MyPage,2024-03-20 16:43:39.561339,1,,,200.0,84,,0.0,2,1,1,7reoo3kl,,,,,0
85,xbhx0uwp,63d13cb81a0a88a3ce29e33f,0,32,32,Thanks,MyPage,2024-03-20 16:43:50.013446,1,,,150.0,85,,0.0,4,1,1,7reoo3kl,,,,,0
86,k6pk2mpm,6341a541b6cfd5f8933f48c4,0,32,32,Thanks,MyPage,2024-03-20 16:43:52.052243,1,,,150.0,86,,0.0,4,1,1,7reoo3kl,,,,,0
87,l1cirm40,60fc2ec58ad0da367daee3c1,0,32,32,Thanks,MyPage,2024-03-20 16:43:53.182962,1,,,150.0,87,,0.0,1,1,1,7reoo3kl,,,,,0
88,1d8vby8f,55b688fafdf99b26e287abd3,0,32,32,Thanks,MyPage,2024-03-20 16:43:56.965379,1,,,200.0,88,,0.0,2,1,1,7reoo3kl,,,,,0
89,czz1y2e2,5ba596467c0ebe0001269842,0,32,32,Thanks,MyPage,2024-03-20 16:43:57.699835,1,,,100.0,89,,0.0,2,1,1,7reoo3kl,,,,,0
90,0lhwgz96,611e6704567a73202f78bef7,0,32,32,Thanks,MyPage,2024-03-20 16:43:59.890844,1,,,100.0,90,,0.0,2,1,1,7reoo3kl,,,,,0
91,1ue6z6na,63d193c45e01ccb694993e7f,0,32,32,Thanks,MyPage,2024-03-20 16:44:00.490504,1,,,100.0,91,,0.0,4,1,1,7reoo3kl,,,,,0
92,uxjt2bj3,64a826f6220bf56dca731156,0,20,32,kicked_out,MyPage,2024-03-20 16:44:00.693568,1,,,0.0,92,,0.0,,1,1,7reoo3kl,,,,,0
93,hxh55tjl,63d176dbaef5e7827cd86954,0,32,32,Thanks,MyPage,2024-03-20 16:44:01.245779,1,,,150.0,93,,0.0,4,1,1,7reoo3kl,,,,,0
94,qnb00py3,63ea974c81ff0fffe7fb8613,0,32,32,Thanks,MyPage,2024-03-20 16:44:02.877459,1,,,100.0,94,,0.0,4,1,1,7reoo3kl,,,,,0
95,3hr39398,65aafa301d1aa8daf91f5bee,0,32,32,Thanks,MyPage,2024-03-20 16:44:05.492945,1,,,150.0,95,,0.0,1,1,1,7reoo3kl,,,,,0
96,1o3er1zx,650d9893ce518e43bd90407f,0,32,32,Thanks,MyPage,2024-03-20 16:44:06.788673,1,,,100.0,96,,0.0,2,1,1,7reoo3kl,,,,,0
97,5klqmbdk,5e46aa20caec81000b7d4f93,0,32,32,Thanks,MyPage,2024-03-20 16:44:07.817020,1,,,150.0,97,,0.0,4,1,1,7reoo3kl,,,,,0
98,37af0jh0,65aee2cd05a6baf848046a4e,0,6,32,Intro_SQ,TestPage,2024-03-20 16:44:10.834776,1,,,0.0,98,,0.0,,1,1,7reoo3kl,,,,,0
99,h0lkuzpj,65b6bb9487ad05cb475fbba5,0,32,32,Thanks,MyPage,2024-03-20 16:44:10.626282,1,,,200.0,99,,0.0,2,1,1,7reoo3kl,,,,,0
100,71ga45wn,5d4af0a71813250015d3c5c7,0,32,32,Thanks,MyPage,2024-03-20 16:44:10.973341,1,,,50.0,100,,0.0,2,1,1,7reoo3kl,,,,,0
101,dji5wkyx,5a0efb83ab721b0001ef8509,0,32,32,Thanks,MyPage,2024-03-20 16:44:11.739151,1,,,150.0,101,,0.0,2,1,1,7reoo3kl,,,,,0
102,kerxo4qf,5bcbd66377740000016a64b0,0,32,32,Thanks,MyPage,2024-03-20 16:44:19.611435,1,,,100.0,102,,0.0,1,1,1,7reoo3kl,,,,,0
103,6e0ojfoy,62c84ca82b03c9aedbca4a2a,0,32,32,Thanks,MyPage,2024-03-20 16:44:20.312197,1,,,100.0,103,,0.0,2,1,1,7reoo3kl,,,,,0
104,9odby404,65c2a014aee1fdd03fc0318f,0,32,32,Thanks,MyPage,2024-03-20 16:44:31.430588,1,,,200.0,104,,0.0,1,1,1,7reoo3kl,,,,,0
105,j4gyrxy1,640ff49e2b13337a14256899,0,32,32,Thanks,MyPage,2024-03-20 16:44:33.276147,1,,,200.0,105,,0.0,5,1,1,7reoo3kl,,,,,0
106,3l0mwr8z,61254fba095b9df425e816ea,0,32,32,Thanks,MyPage,2024-03-20 16:44:41.110162,1,,,150.0,106,,0.0,1,1,1,7reoo3kl,,,,,0
107,r0grymqq,5b0d1b8e444cef0001ca66ac,0,32,32,Thanks,MyPage,2024-03-20 16:45:08.203751,1,,,150.0,107,,0.0,1,1,1,7reoo3kl,,,,,0
108,tfbhfwun,647fbfa8a2c006cbd09a7166,0,32,32,Thanks,MyPage,2024-03-20 16:45:23.070443,1,,,100.0,108,,0.0,1,1,1,7reoo3kl,,,,,0
109,cc3z1qkk,637d58b9dd14dc68ba68920a,0,32,32,Thanks,MyPage,2024-03-20 16:47:46.876275,1,,,50.0,109,,0.0,4,1,1,7reoo3kl,,,,,0
110,9iy9gehm,628f827eeb876ed2617881e7,0,19,32,not_completed,MyPage,2024-03-20 16:50:57.433755,1,,,0.0,110,,0.0,,1,1,7reoo3kl,,,,,0
111,sp0lfnn3,607cbf385d3202721e3f719f,0,32,32,Thanks,MyPage,2024-03-20 16:53:47.495847,1,,,150.0,111,,0.0,2,1,1,7reoo3kl,,,,,0
112,y7e4uszt,614e2b2bd900d5f91096ac12,0,32,32,Thanks,MyPage,2024-03-20 16:55:18.805712,1,,,150.0,112,,0.0,4,1,1,7reoo3kl,,,,,0
113,ry6xehoe,,0,0,32,,,,0,,,0.0,113,,0.0,,1,1,7reoo3kl,,,,,0
114,eauo6zna,,0,0,32,,,,0,,,0.0,114,,0.0,,1,1,7reoo3kl,,,,,0
115,bbfro75l,,0,0,32,,,,0,,,0.0,115,,0.0,,1,1,7reoo3kl,,,,,0
116,74pzyrqt,,0,0,32,,,,0,,,0.0,116,,0.0,,1,1,7reoo3kl,,,,,0
117,hoshg252,,0,0,32,,,,0,,,0.0,117,,0.0,,1,1,7reoo3kl,,,,,0
118,0c50s6ut,,0,0,32,,,,0,,,0.0,118,,0.0,,1,1,7reoo3kl,,,,,0
119,6ag8p8zq,,0,0,32,,,,0,,,0.0,119,,0.0,,1,1,7reoo3kl,,,,,0
120,5j78znc3,,0,0,32,,,,0,,,0.0,120,,0.0,,1,1,7reoo3kl,,,,,0
121,whysnqn8,,0,0,32,,,,0,,,0.0,121,,0.0,,1,1,7reoo3kl,,,,,0
122,6v5mjig6,,0,0,32,,,,0,,,0.0,122,,0.0,,1,1,7reoo3kl,,,,,0
123,t2k7lels,,0,0,32,,,,0,,,0.0,123,,0.0,,1,1,7reoo3kl,,,,,0
124,hylhdk0d,,0,0,32,,,,0,,,0.0,124,,0.0,,1,1,7reoo3kl,,,,,0
125,8v2himc3,,0,0,32,,,,0,,,0.0,125,,0.0,,1,1,7reoo3kl,,,,,0
126,esd7rtfh,,0,0,32,,,,0,,,0.0,126,,0.0,,1,1,7reoo3kl,,,,,0
127,t3kxxe1w,,0,0,32,,,,0,,,0.0,127,,0.0,,1,1,7reoo3kl,,,,,0
128,u0g1cuui,,0,0,32,,,,0,,,0.0,128,,0.0,,1,1,7reoo3kl,,,,,0
129,0tgggobc,,0,0,32,,,,0,,,0.0,129,,0.0,,1,1,7reoo3kl,,,,,0
130,hffjep6u,,0,0,32,,,,0,,,0.0,130,,0.0,,1,1,7reoo3kl,,,,,0
1,n86hlqxj,63c515f70542e2ff1937031b,0,1,32,Consent_general,ConsentPage,2024-03-20 18:03:48.233308,1,,,0.0,1,,0.0,,1,1,pwzoezhd,,,,,0
2,yihs8alq,5c36e40e299f82000103ce0a,0,32,32,Thanks,MyPage,2024-03-20 18:13:33.600148,1,,,100.0,2,,0.0,2,1,1,pwzoezhd,,,,,0
3,5j1v6y3e,5ededc7ab3595e17ef9533df,0,32,32,Thanks,MyPage,2024-03-20 18:13:34.305039,1,,,200.0,3,,0.0,4,1,1,pwzoezhd,,,,,0
4,q5gs8h3w,5fd66ce8aec66457ff73d743,0,32,32,Thanks,MyPage,2024-03-20 18:13:37.329571,1,,,100.0,4,,0.0,5,1,1,pwzoezhd,,,,,0
5,iomxvefl,610729d5507a50dd1db1246f,0,32,32,Thanks,MyPage,2024-03-20 18:13:40.061065,1,,,150.0,5,,0.0,4,1,1,pwzoezhd,,,,,0
6,4n7x17jz,604011377e5b121dc3267a3e,0,32,32,Thanks,MyPage,2024-03-20 18:13:40.313271,1,,,100.0,6,,0.0,4,1,1,pwzoezhd,,,,,0
7,cbrgqi2g,6579d5a22e0a15c71dd52086,0,32,32,Thanks,MyPage,2024-03-20 18:13:40.792226,1,,,100.0,7,,0.0,1,1,1,pwzoezhd,,,,,0
8,u12bdjv8,5dc474fd45b8f933f16d6241,0,32,32,Thanks,MyPage,2024-03-20 18:13:41.203952,1,,,150.0,8,,0.0,2,1,1,pwzoezhd,,,,,0
9,qmds2f0j,6584aa4023ce9a5ec9b7dd37,0,32,32,Thanks,MyPage,2024-03-20 18:13:46.494872,1,,,100.0,9,,0.0,2,1,1,pwzoezhd,,,,,0
10,vavexrgu,1380OT7312ym9Z9LD9q9nO67,0,1,32,Consent_general,ConsentPage,2024-03-20 18:13:48.480520,1,,,0.0,10,,0.0,,1,1,pwzoezhd,,,,,0
11,t0ffhnvy,5fbb2540b981f7c1e0fca5ff,0,32,32,Thanks,MyPage,2024-03-20 18:13:48.929715,1,,,150.0,11,,0.0,1,1,1,pwzoezhd,,,,,0
12,1zehc2ue,63f794e7d8d24753edbbb136,0,32,32,Thanks,MyPage,2024-03-20 18:13:49.659770,1,,,150.0,12,,0.0,4,1,1,pwzoezhd,,,,,0
13,eme7al2e,60dfd857e293a99dd577f4c8,0,32,32,Thanks,MyPage,2024-03-20 18:13:51.795649,1,,,150.0,13,,0.0,5,1,1,pwzoezhd,,,,,0
14,ws5ticbh,63e5a6690eeedc20da056717,0,32,32,Thanks,MyPage,2024-03-20 18:13:52.897113,1,,,100.0,14,,0.0,4,1,1,pwzoezhd,,,,,0
15,wuxz124y,64509bfcd8d8b7e61f801e95,0,2,32,Consent_general,GeneralIntroPage,2024-03-20 18:13:53.090515,1,,,0.0,15,,0.0,,1,1,pwzoezhd,,,,,0
16,wvayrwqx,5e9893ed5638a10bda112333,0,32,32,Thanks,MyPage,2024-03-20 18:13:53.491841,1,,,50.0,16,,0.0,1,1,1,pwzoezhd,,,,,0
17,qqslg1cv,65b574d703587ccea5f0b519,0,32,32,Thanks,MyPage,2024-03-20 18:13:53.731495,1,,,150.0,17,,0.0,2,1,1,pwzoezhd,,,,,0
18,tdnxp2ca,13g0O7731EymlZ97DL695667,0,1,32,Consent_general,ConsentPage,2024-03-20 18:13:54.992797,1,,,0.0,18,,0.0,,1,1,pwzoezhd,,,,,0
19,3x34p1uk,5f6fd1451758e95a989623b2,0,32,32,Thanks,MyPage,2024-03-20 18:13:56.371057,1,,,150.0,19,,0.0,4,1,1,pwzoezhd,,,,,0
20,mhtz5gzl,63d42902a85ae3e7b4920266,0,32,32,Thanks,MyPage,2024-03-20 18:13:57.674396,1,,,100.0,20,,0.0,1,1,1,pwzoezhd,,,,,0
21,4optml96,5de260b9553cee28d97b058d,0,32,32,Thanks,MyPage,2024-03-20 18:13:58.787659,1,,,150.0,21,,0.0,1,1,1,pwzoezhd,,,,,0
22,5kohklmf,56c113f6eb5b22000d5baa6f,0,4,32,Intro_SQ,GameIntroPage,2024-03-20 18:13:59.552439,1,,,0.0,22,,0.0,,1,1,pwzoezhd,,,,,0
23,f802i5oo,5b997f71eee17800012d747a,0,32,32,Thanks,MyPage,2024-03-20 18:14:00.968112,1,,,100.0,23,,0.0,4,1,1,pwzoezhd,,,,,0
24,vmjrt53e,56875435369319000c26947d,0,32,32,Thanks,MyPage,2024-03-20 18:14:02.936085,1,,,200.0,24,,0.0,1,1,1,pwzoezhd,,,,,0
25,5etm8dp2,5d89106d1719af0001ee23e5,0,32,32,Thanks,MyPage,2024-03-20 18:14:05.361940,1,,,150.0,25,,0.0,4,1,1,pwzoezhd,,,,,0
26,qwd0tbc1,654fc6eb3097bf717a4a4ead,0,6,32,Intro_SQ,TestPage,2024-03-20 18:14:06.108169,1,,,0.0,26,,0.0,,1,1,pwzoezhd,,,,,0
27,74rhyiso,6567e5ab716b73eaff1ff2a6,0,32,32,Thanks,MyPage,2024-03-20 18:14:07.838350,1,,,50.0,27,,0.0,5,1,1,pwzoezhd,,,,,0
28,5994h4fn,63f779f8e3d660cb75774fe8,0,32,32,Thanks,MyPage,2024-03-20 18:14:09.415006,1,,,150.0,28,,0.0,4,1,1,pwzoezhd,,,,,0
29,ff4ag60n,6462e0c6e0c667845c37ec7a,0,6,32,Intro_SQ,TestPage,2024-03-20 18:14:10.054631,1,,,0.0,29,,0.0,,1,1,pwzoezhd,,,,,0
30,j85taxqe,62897d2024f826ea90b7efa1,0,4,32,Intro_SQ,GameIntroPage,2024-03-20 18:14:10.436926,1,,,0.0,30,,0.0,,1,1,pwzoezhd,,,,,0
31,xtal38g9,628f7e982aad1788d940317a,0,32,32,Thanks,MyPage,2024-03-20 18:14:10.685998,1,,,150.0,31,,0.0,5,1,1,pwzoezhd,,,,,0
32,9g3f37ip,6414da4319877aa1e31c301b,0,32,32,Thanks,MyPage,2024-03-20 18:14:10.692646,1,,,100.0,32,,0.0,4,1,1,pwzoezhd,,,,,0
33,or9h30wd,5efcce586913680d063d7c5f,0,32,32,Thanks,MyPage,2024-03-20 18:14:11.932974,1,,,150.0,33,,0.0,4,1,1,pwzoezhd,,,,,0
34,q1dzb69z,5d612ae16512d700159face7,0,32,32,Thanks,MyPage,2024-03-20 18:14:11.774945,1,,,100.0,34,,0.0,4,1,1,pwzoezhd,,,,,0
35,dpdyvo0t,5aa3ba9bdbdb470001ef40c7,0,6,32,Intro_SQ,TestPage,2024-03-20 18:14:15.996655,1,,,0.0,35,,0.0,,1,1,pwzoezhd,,,,,0
36,o6udfctd,5c01d3c509e9c70001500b10,0,32,32,Thanks,MyPage,2024-03-20 18:14:17.564614,1,,,100.0,36,,0.0,1,1,1,pwzoezhd,,,,,0
37,xhxs74xh,61632b52ab37a7fde834300f,0,32,32,Thanks,MyPage,2024-03-20 18:14:19.345260,1,,,150.0,37,,0.0,1,1,1,pwzoezhd,,,,,0
38,r8v3rquc,5d3899e31c8fb9001ca6183c,0,32,32,Thanks,MyPage,2024-03-20 18:14:20.273589,1,,,100.0,38,,0.0,2,1,1,pwzoezhd,,,,,0
39,anwefuxl,63bef4ddef5b4d7295effbbd,0,32,32,Thanks,MyPage,2024-03-20 18:14:20.298073,1,,,150.0,39,,0.0,1,1,1,pwzoezhd,,,,,0
40,isbomlnq,6166c0eb123b6e8b34628249,0,32,32,Thanks,MyPage,2024-03-20 18:14:20.537908,1,,,150.0,40,,0.0,1,1,1,pwzoezhd,,,,,0
41,n5r7jps7,63ea7e60bdd3090eb4b0dcc5,0,32,32,Thanks,MyPage,2024-03-20 18:14:21.296899,1,,,150.0,41,,0.0,5,1,1,pwzoezhd,,,,,0
42,in4xxdk1,646f77d9a7d75c8264dba865,0,32,32,Thanks,MyPage,2024-03-20 18:14:21.395273,1,,,150.0,42,,0.0,1,1,1,pwzoezhd,,,,,0
43,atlriyyx,659418d3eaee26bfa4ea8d46,0,6,32,Intro_SQ,TestPage,2024-03-20 18:14:21.697760,1,,,0.0,43,,0.0,,1,1,pwzoezhd,,,,,0
44,14w5uaqy,5700616b8a49c7000d0c73ad,0,32,32,Thanks,MyPage,2024-03-20 18:14:23.524711,1,,,150.0,44,,0.0,4,1,1,pwzoezhd,,,,,0
45,w2wl8xoi,65f3c382e630ca372dfcbff7,0,32,32,Thanks,MyPage,2024-03-20 18:14:24.575625,1,,,150.0,45,,0.0,2,1,1,pwzoezhd,,,,,0
46,v9d0a7du,65d754b51c2c43aa8c7c62a0,0,32,32,Thanks,MyPage,2024-03-20 18:14:25.891384,1,,,150.0,46,,0.0,4,1,1,pwzoezhd,,,,,0
47,2312rfyn,5f80c3b14dc3ba1509305a89,0,32,32,Thanks,MyPage,2024-03-20 18:14:25.970430,1,,,150.0,47,,0.0,1,1,1,pwzoezhd,,,,,0
48,qgwjq4xt,5f048fdc0aea5b0ae3215fc9,0,32,32,Thanks,MyPage,2024-03-20 18:14:27.530607,1,,,200.0,48,,0.0,5,1,1,pwzoezhd,,,,,0
49,90olmsu1,63d7a6a997f03198526a1941,0,20,32,kicked_out,MyPage,2024-03-20 18:14:28.429581,1,,,0.0,49,,0.0,,1,1,pwzoezhd,,,,,0
50,axx66ad7,5f6b8930b9d9530b1b065360,0,32,32,Thanks,MyPage,2024-03-20 18:14:28.994510,1,,,150.0,50,,0.0,2,1,1,pwzoezhd,,,,,0
51,ozbo9g1o,60a7c4434b322876925afaa3,0,32,32,Thanks,MyPage,2024-03-20 18:14:29.349638,1,,,150.0,51,,0.0,2,1,1,pwzoezhd,,,,,0
52,aiv3fvqu,655fb267d98c83d9b05df214,0,32,32,Thanks,MyPage,2024-03-20 18:14:31.821343,1,,,150.0,52,,0.0,1,1,1,pwzoezhd,,,,,0
53,che4ozni,60fed406a332a1fea309d329,0,32,32,Thanks,MyPage,2024-03-20 18:14:33.000496,1,,,150.0,53,,0.0,4,1,1,pwzoezhd,,,,,0
54,h5cj9d2m,65915b8182ff025a05fdd937,0,6,32,Intro_SQ,TestPage,2024-03-20 18:14:42.098713,1,,,0.0,54,,0.0,,1,1,pwzoezhd,,,,,0
55,7uavewq1,5e863db644d87426bbe2e92a,0,32,32,Thanks,MyPage,2024-03-20 18:14:44.028944,1,,,150.0,55,,0.0,1,1,1,pwzoezhd,,,,,0
56,1a292j57,6361483717c4df2ebf189d07,0,8,32,Play_SQ,PairingWaitPage,2024-03-20 18:14:49.279092,1,,,0.0,56,,0.0,,1,1,pwzoezhd,,,,,0
57,h8zuuyx3,5e6fe86f7245355b33d7b045,0,32,32,Thanks,MyPage,2024-03-20 18:15:08.464015,1,,,150.0,57,,0.0,4,1,1,pwzoezhd,,,,,0
58,hlbldk0o,6400d898fba673e3167299c9,0,32,32,Thanks,MyPage,2024-03-20 18:15:17.759479,1,,,100.0,58,,0.0,4,1,1,pwzoezhd,,,,,0
59,42jorwc7,5758a78d768081000631a322,0,32,32,Thanks,MyPage,2024-03-20 18:16:11.024054,1,,,150.0,59,,0.0,5,1,1,pwzoezhd,,,,,0
60,6uh6r2za,60477705b440ae26c4aaf5bb,0,32,32,Thanks,MyPage,2024-03-20 18:16:43.628451,1,,,100.0,60,,0.0,1,1,1,pwzoezhd,,,,,0
61,4ufktymb,65c638efeb5c7fba9738758b,0,32,32,Thanks,MyPage,2024-03-20 18:16:45.736447,1,,,150.0,61,,0.0,4,1,1,pwzoezhd,,,,,0
62,kha91wdd,58a229e74d580c0001e0a766,0,32,32,Thanks,MyPage,2024-03-20 18:18:30.346891,1,,,100.0,62,,0.0,4,1,1,pwzoezhd,,,,,0
63,8cv3xxws,5ee5e3b02eebe932ee9559c5,0,32,32,Thanks,MyPage,2024-03-20 18:19:16.840584,1,,,200.0,63,,0.0,2,1,1,pwzoezhd,,,,,0
64,ojgh49wf,65cbc27063ac644fa7970aaa,0,32,32,Thanks,MyPage,2024-03-20 18:22:30.326525,1,,,50.0,64,,0.0,1,1,1,pwzoezhd,,,,,0
65,gixj6xk9,5c40e7d99d27f00001159a65,0,32,32,Thanks,MyPage,2024-03-20 18:24:42.402928,1,,,150.0,65,,0.0,2,1,1,pwzoezhd,,,,,0
66,hmzsaowa,5f0d2ad60ad0d6730c380b05,0,32,32,Thanks,MyPage,2024-03-20 18:24:46.097966,1,,,100.0,66,,0.0,1,1,1,pwzoezhd,,,,,0
67,imuax3gv,65d2f996341d070378ca56ec,0,32,32,Thanks,MyPage,2024-03-20 18:24:48.158274,1,,,150.0,67,,0.0,4,1,1,pwzoezhd,,,,,0
68,4456qcuj,5a84f454ae9a0b0001a9e4e5,0,32,32,Thanks,MyPage,2024-03-20 18:24:48.747048,1,,,150.0,68,,0.0,4,1,1,pwzoezhd,,,,,0
69,4hxgt8bb,65c25e3de8b230c294f2b32c,0,6,32,Intro_SQ,TestPage,2024-03-20 18:24:48.753922,1,,,0.0,69,,0.0,,1,1,pwzoezhd,,,,,0
70,2sdvpisd,6175e05636b79082f8d345c5,0,32,32,Thanks,MyPage,2024-03-20 18:24:51.220680,1,,,150.0,70,,0.0,4,1,1,pwzoezhd,,,,,0
71,ttwt1yzk,5beccd423b6489000156596f,0,32,32,Thanks,MyPage,2024-03-20 18:24:54.247340,1,,,100.0,71,,0.0,4,1,1,pwzoezhd,,,,,0
72,v5th5ckq,62740cf8e39eba1055ef571b,0,32,32,Thanks,MyPage,2024-03-20 18:24:54.883672,1,,,100.0,72,,0.0,1,1,1,pwzoezhd,,,,,0
73,tcot2czp,63d8352e4565d58f6e88cf09,0,6,32,Intro_SQ,TestPage,2024-03-20 18:24:56.372222,1,,,0.0,73,,0.0,,1,1,pwzoezhd,,,,,0
74,l6g2ovtl,65ed5c04d3445a64eb3c3aff,0,32,32,Thanks,MyPage,2024-03-20 18:24:58.212978,1,,,200.0,74,,0.0,1,1,1,pwzoezhd,,,,,0
75,aq7mbssd,65d942ce4ea2fe978c283416,0,32,32,Thanks,MyPage,2024-03-20 18:24:58.419362,1,,,100.0,75,,0.0,4,1,1,pwzoezhd,,,,,0
76,go8vdes6,60fb534aa3d839c152fa8f36,0,32,32,Thanks,MyPage,2024-03-20 18:24:59.861724,1,,,50.0,76,,0.0,3,1,1,pwzoezhd,,,,,0
77,vt508wj3,63e461c4bdc3693c05d515a1,0,6,32,Intro_SQ,TestPage,2024-03-20 18:25:01.342845,1,,,0.0,77,,0.0,,1,1,pwzoezhd,,,,,0
78,wc8tftyo,64a0240af7461068d2e1e1c0,0,32,32,Thanks,MyPage,2024-03-20 18:25:01.830302,1,,,100.0,78,,0.0,5,1,1,pwzoezhd,,,,,0
79,af9kogwa,62728884995a1a76605d0214,0,32,32,Thanks,MyPage,2024-03-20 18:25:02.264986,1,,,100.0,79,,0.0,3,1,1,pwzoezhd,,,,,0
80,1yb146ae,6483f9ebf7986bdbdbc0598c,0,6,32,Intro_SQ,TestPage,2024-03-20 18:25:03.734054,1,,,0.0,80,,0.0,,1,1,pwzoezhd,,,,,0
81,j4kvrnen,5dd42e7f35cf744223c60d1b,0,32,32,Thanks,MyPage,2024-03-20 18:25:06.656679,1,,,150.0,81,,0.0,1,1,1,pwzoezhd,,,,,0
82,61pdygnn,63d29a1e50cf0f82998d2564,0,32,32,Thanks,MyPage,2024-03-20 18:25:06.905368,1,,,200.0,82,,0.0,1,1,1,pwzoezhd,,,,,0
83,eq9gluo1,5f1231fe9e2ee916995196d8,0,32,32,Thanks,MyPage,2024-03-20 18:25:06.719827,1,,,100.0,83,,0.0,1,1,1,pwzoezhd,,,,,0
84,ge35anhj,62d59a066ee263bb659aa445,0,6,32,Intro_SQ,TestPage,2024-03-20 18:25:06.935909,1,,,0.0,84,,0.0,,1,1,pwzoezhd,,,,,0
85,8bywnj3v,63220fb95b15e676e19d7af8,0,32,32,Thanks,MyPage,2024-03-20 18:25:08.762072,1,,,150.0,85,,0.0,2,1,1,pwzoezhd,,,,,0
86,at13mdyd,63671bfc81a5eca4218b6417,0,32,32,Thanks,MyPage,2024-03-20 18:25:10.196529,1,,,150.0,86,,0.0,2,1,1,pwzoezhd,,,,,0
87,oz0ownu3,63686d18c3ed2b47b0bc5d21,0,32,32,Thanks,MyPage,2024-03-20 18:25:11.119873,1,,,150.0,87,,0.0,4,1,1,pwzoezhd,,,,,0
88,dve375y8,652006858bb3d4e2d080c759,0,32,32,Thanks,MyPage,2024-03-20 18:25:16.070572,1,,,200.0,88,,0.0,3,1,1,pwzoezhd,,,,,0
89,xozxacyt,5d012930cfeb82001817c9c9,0,32,32,Thanks,MyPage,2024-03-20 18:25:15.534682,1,,,50.0,89,,0.0,1,1,1,pwzoezhd,,,,,0
90,lqmf8hto,5dd6a565f30aa662cba3d8de,0,32,32,Thanks,MyPage,2024-03-20 18:25:16.972780,1,,,150.0,90,,0.0,4,1,1,pwzoezhd,,,,,0
91,4tdbjuza,65b284df91ee570e25ba50a3,0,32,32,Thanks,MyPage,2024-03-20 18:25:17.703098,1,,,50.0,91,,0.0,1,1,1,pwzoezhd,,,,,0
92,pda9j9em,622a0d9a4f5132ad78e5f1b6,0,4,32,Intro_SQ,GameIntroPage,2024-03-20 18:25:18.221014,1,,,0.0,92,,0.0,,1,1,pwzoezhd,,,,,0
93,ds9bwa8f,603ecd847a63f50124aa5822,0,4,32,Intro_SQ,GameIntroPage,2024-03-20 18:25:20.237852,1,,,0.0,93,,0.0,,1,1,pwzoezhd,,,,,0
94,pgzod3xb,612fa6644526903f736cf925,0,32,32,Thanks,MyPage,2024-03-20 18:25:20.373502,1,,,150.0,94,,0.0,4,1,1,pwzoezhd,,,,,0
95,i9flnr6c,5c95493ddd325800166f838a,0,32,32,Thanks,MyPage,2024-03-20 18:25:21.001740,1,,,100.0,95,,0.0,4,1,1,pwzoezhd,,,,,0
96,y3kods2b,5a07a6af002e1800019d6aab,0,32,32,Thanks,MyPage,2024-03-20 18:25:21.169054,1,,,150.0,96,,0.0,2,1,1,pwzoezhd,,,,,0
97,jlccd2b7,5b5c3b266b25590001778ea1,0,32,32,Thanks,MyPage,2024-03-20 18:25:22.023388,1,,,100.0,97,,0.0,2,1,1,pwzoezhd,,,,,0
98,olu4uq29,65cb9647cc2e13efe96b4cf0,0,32,32,Thanks,MyPage,2024-03-20 18:25:23.125642,1,,,150.0,98,,0.0,1,1,1,pwzoezhd,,,,,0
99,2whhaos7,645466e1bd17070ac5692eaf,0,6,32,Intro_SQ,TestPage,2024-03-20 18:25:24.447496,1,,,0.0,99,,0.0,,1,1,pwzoezhd,,,,,0
100,08y8qq2j,65cb89ff41f626287ba0d83e,0,32,32,Thanks,MyPage,2024-03-20 18:25:24.441454,1,,,150.0,100,,0.0,3,1,1,pwzoezhd,,,,,0
101,ufbaxea9,5ee232f2b970662cfa352567,0,32,32,Thanks,MyPage,2024-03-20 18:25:28.556588,1,,,150.0,101,,0.0,2,1,1,pwzoezhd,,,,,0
102,ln27opx7,612b86da38f96808af7bb1da,0,32,32,Thanks,MyPage,2024-03-20 18:25:30.244583,1,,,50.0,102,,0.0,5,1,1,pwzoezhd,,,,,0
103,auq750d6,6135e00cdb42bb8c6bc32b71,0,32,32,Thanks,MyPage,2024-03-20 18:25:32.562258,1,,,150.0,103,,0.0,2,1,1,pwzoezhd,,,,,0
104,e950py15,64a281f78c5be10f0f28e3ac,0,19,32,not_completed,MyPage,2024-03-20 18:25:54.250436,1,,,0.0,104,,0.0,,1,1,pwzoezhd,,,,,0
105,ael68iiz,652d8a4cd08c6435db58fd9b,0,32,32,Thanks,MyPage,2024-03-20 18:25:44.547701,1,,,150.0,105,,0.0,4,1,1,pwzoezhd,,,,,0
106,occr3zdx,65f4de464a8635751f0c14f2,0,32,32,Thanks,MyPage,2024-03-20 18:25:44.966071,1,,,200.0,106,,0.0,2,1,1,pwzoezhd,,,,,0
107,rm54fs8r,65ce18b63ce930c2ffb8b8e9,0,32,32,Thanks,MyPage,2024-03-20 18:25:52.877699,1,,,100.0,107,,0.0,2,1,1,pwzoezhd,,,,,0
108,ik4ssdcj,65837158eeba09ad03e97f7d,0,32,32,Thanks,MyPage,2024-03-20 18:25:53.094500,1,,,150.0,108,,0.0,5,1,1,pwzoezhd,,,,,0
109,tzurelnh,5a6c8047e70ca900017acdae,0,32,32,Thanks,MyPage,2024-03-20 18:26:34.108521,1,,,50.0,109,,0.0,1,1,1,pwzoezhd,,,,,0
110,62gzrb82,65ca9c729a13f898ae374552,0,32,32,Thanks,MyPage,2024-03-20 18:27:18.871158,1,,,150.0,110,,0.0,2,1,1,pwzoezhd,,,,,0
111,c6q7h0th,638a3fd5992f01b81d0e1e93,0,32,32,Thanks,MyPage,2024-03-20 18:27:21.305014,1,,,150.0,111,,0.0,1,1,1,pwzoezhd,,,,,0
112,kvbhw5sq,657dd710c7afa87088647ea7,0,32,32,Thanks,MyPage,2024-03-20 18:27:30.321331,1,,,150.0,112,,0.0,5,1,1,pwzoezhd,,,,,0
113,cfy5z7na,58ae37d8e6afe00001d36ac9,0,32,32,Thanks,MyPage,2024-03-20 18:30:21.577205,1,,,150.0,113,,0.0,3,1,1,pwzoezhd,,,,,0
114,aaluex4u,57be89f4c7fcbf0001c39491,0,32,32,Thanks,MyPage,2024-03-20 18:32:46.301890,1,,,100.0,114,,0.0,2,1,1,pwzoezhd,,,,,0
115,2zcckvwm,,0,0,32,,,,0,,,0.0,115,,0.0,,1,1,pwzoezhd,,,,,0
116,jshs6qqv,,0,0,32,,,,0,,,0.0,116,,0.0,,1,1,pwzoezhd,,,,,0
117,qcn56v8v,,0,0,32,,,,0,,,0.0,117,,0.0,,1,1,pwzoezhd,,,,,0
118,sk8tuoak,,0,0,32,,,,0,,,0.0,118,,0.0,,1,1,pwzoezhd,,,,,0
119,24jtf771,,0,0,32,,,,0,,,0.0,119,,0.0,,1,1,pwzoezhd,,,,,0
120,izgfafu6,,0,0,32,,,,0,,,0.0,120,,0.0,,1,1,pwzoezhd,,,,,0
121,0cw8jtkd,,0,0,32,,,,0,,,0.0,121,,0.0,,1,1,pwzoezhd,,,,,0
122,klp37f4a,,0,0,32,,,,0,,,0.0,122,,0.0,,1,1,pwzoezhd,,,,,0
123,vstzkhdf,,0,0,32,,,,0,,,0.0,123,,0.0,,1,1,pwzoezhd,,,,,0
124,pyhl4ni0,,0,0,32,,,,0,,,0.0,124,,0.0,,1,1,pwzoezhd,,,,,0
125,atphs8jh,,0,0,32,,,,0,,,0.0,125,,0.0,,1,1,pwzoezhd,,,,,0
126,4bfczuw0,,0,0,32,,,,0,,,0.0,126,,0.0,,1,1,pwzoezhd,,,,,0
127,x1o002l3,,0,0,32,,,,0,,,0.0,127,,0.0,,1,1,pwzoezhd,,,,,0
128,y6h40gba,,0,0,32,,,,0,,,0.0,128,,0.0,,1,1,pwzoezhd,,,,,0
129,p34ovl3x,,0,0,32,,,,0,,,0.0,129,,0.0,,1,1,pwzoezhd,,,,,0
130,pqvq2o2k,,0,0,32,,,,0,,,0.0,130,,0.0,,1,1,pwzoezhd,,,,,0
1,anpt9hu9,63c515f70542e2ff1937031b,0,1,29,Consent_general,ConsentPage,2024-03-20 17:38:24.252870,1,,,0.0,1,,0.0,,1,1,1aii5uj2,,,,,0
2,0x4j1q21,62029a55ef1cb18a1337c61a,0,29,29,Thanks,MyPage,2024-03-20 17:41:40.423630,1,,,150.0,2,,0.0,4,1,1,1aii5uj2,,,,,0
3,o92u9l4v,5b6259be5256470001bd0c6d,0,29,29,Thanks,MyPage,2024-03-20 17:41:47.167399,1,,,200.0,3,,0.0,2,1,1,1aii5uj2,,,,,0
4,ryh4o3f5,5f627a1e4b807f1aa7e35280,0,29,29,Thanks,MyPage,2024-03-20 17:41:47.850885,1,,,50.0,4,,0.0,1,1,1,1aii5uj2,,,,,0
5,3nncr67p,63d83a4301d86333a75c1738,0,29,29,Thanks,MyPage,2024-03-20 17:41:47.939196,1,,,150.0,5,,0.0,4,1,1,1aii5uj2,,,,,0
6,4m60ql96,1J8007jZ1260959759qn5O6Z,0,1,29,Consent_general,ConsentPage,2024-03-20 17:41:49.484132,1,,,0.0,6,,0.0,,1,1,1aii5uj2,,,,,0
7,vpfi2wj7,5f2a12f5837dd81e5881b7cc,0,29,29,Thanks,MyPage,2024-03-20 17:41:49.464980,1,,,100.0,7,,0.0,1,1,1,1aii5uj2,,,,,0
8,uwvktruk,652be55d3d99a68b56fe7d56,0,29,29,Thanks,MyPage,2024-03-20 17:41:49.960958,1,,,150.0,8,,0.0,1,1,1,1aii5uj2,,,,,0
9,rtvsh9uh,63fa2f029381a13d9f2a36a8,0,29,29,Thanks,MyPage,2024-03-20 17:41:50.493497,1,,,150.0,9,,0.0,5,1,1,1aii5uj2,,,,,0
10,yvy1o9ot,1J8E07j3126ml59L5969n6SZ,0,1,29,Consent_general,ConsentPage,2024-03-20 17:41:52.679126,1,,,0.0,10,,0.0,,1,1,1aii5uj2,,,,,0
11,u7q1057e,5b72d3f8afce7600019fe275,0,29,29,Thanks,MyPage,2024-03-20 17:41:57.220141,1,,,50.0,11,,0.0,1,1,1,1aii5uj2,,,,,0
12,zkckijar,5bcd315d0f10750001d7f22e,0,29,29,Thanks,MyPage,2024-03-20 17:41:57.333499,1,,,100.0,12,,0.0,1,1,1,1aii5uj2,,,,,0
13,z99qwqpd,63386e75b02c4d7013c1198b,0,29,29,Thanks,MyPage,2024-03-20 17:41:58.686089,1,,,150.0,13,,0.0,1,1,1,1aii5uj2,,,,,0
14,5dumrn30,5efa7432ebc08a170f0aa15f,0,29,29,Thanks,MyPage,2024-03-20 17:41:59.338964,1,,,150.0,14,,0.0,2,1,1,1aii5uj2,,,,,0
15,s1pgrtk8,5608a73fd7def20012b7389d,0,29,29,Thanks,MyPage,2024-03-20 17:41:59.402000,1,,,100.0,15,,0.0,2,1,1,1aii5uj2,,,,,0
16,8hsyxl1o,55dbdc9d50a1f7001190d753,0,29,29,Thanks,MyPage,2024-03-20 17:41:59.539708,1,,,50.0,16,,0.0,2,1,1,1aii5uj2,,,,,0
17,3tgqhcev,65c2052576646afc7d0472d8,0,29,29,Thanks,MyPage,2024-03-20 17:42:02.004999,1,,,100.0,17,,0.0,1,1,1,1aii5uj2,,,,,0
18,bsaiubym,5ccb779b2c4e1f00159333ea,0,29,29,Thanks,MyPage,2024-03-20 17:42:02.162022,1,,,200.0,18,,0.0,2,1,1,1aii5uj2,,,,,0
19,qm0skt56,65b98fe25e75b5acc3f44626,0,29,29,Thanks,MyPage,2024-03-20 17:42:06.750718,1,,,50.0,19,,0.0,4,1,1,1aii5uj2,,,,,0
20,dyg52pig,5bec5b873ffbad0001e8b968,0,29,29,Thanks,MyPage,2024-03-20 17:42:08.502970,1,,,200.0,20,,0.0,1,1,1,1aii5uj2,,,,,0
21,q9yvt2sr,5c3d07a85a994b0001c10bb2,0,29,29,Thanks,MyPage,2024-03-20 17:42:08.600820,1,,,50.0,21,,0.0,1,1,1,1aii5uj2,,,,,0
22,ohs8eyfb,63f78071721a6cacdd63d835,0,6,29,Intro_ST,TestPage,2024-03-20 17:42:08.757296,1,,,0.0,22,,0.0,,1,1,1aii5uj2,,,,,0
23,hqxxi3hw,5d3221b8eb6cfa0001950113,0,29,29,Thanks,MyPage,2024-03-20 17:42:09.785286,1,,,50.0,23,,0.0,1,1,1,1aii5uj2,,,,,0
24,3dvipktt,6304b7a752adde130e57bddf,0,16,29,not_completed,MyPage,2024-03-20 17:42:10.668153,1,,,0.0,24,,0.0,,1,1,1aii5uj2,,,,,0
25,3pxfyzca,5e1f7b2a4c9b832b34e7c9d3,0,29,29,Thanks,MyPage,2024-03-20 17:42:12.781815,1,,,200.0,25,,0.0,4,1,1,1aii5uj2,,,,,0
26,ksghwo71,60e4c09a4b30f16f5a1053e7,0,29,29,Thanks,MyPage,2024-03-20 17:42:15.263225,1,,,150.0,26,,0.0,2,1,1,1aii5uj2,,,,,0
27,2vv3p6gr,64776e3beba1085215214ec0,0,29,29,Thanks,MyPage,2024-03-20 17:42:18.146030,1,,,100.0,27,,0.0,2,1,1,1aii5uj2,,,,,0
28,xips3zsz,65cc0f39dfeb09215a6c4d0d,0,29,29,Thanks,MyPage,2024-03-20 17:42:21.168973,1,,,200.0,28,,0.0,4,1,1,1aii5uj2,,,,,0
29,pelpz8kl,62d86c63e2966588c71b9ff2,0,29,29,Thanks,MyPage,2024-03-20 17:42:21.956297,1,,,150.0,29,,0.0,2,1,1,1aii5uj2,,,,,0
30,8xh9weui,659ea3d1b0bc2e686e6aef35,0,29,29,Thanks,MyPage,2024-03-20 17:42:22.387857,1,,,100.0,30,,0.0,5,1,1,1aii5uj2,,,,,0
31,ueo31t4g,60079f45348bb62bdcd363ff,0,6,29,Intro_ST,TestPage,2024-03-20 17:42:22.902735,1,,,0.0,31,,0.0,,1,1,1aii5uj2,,,,,0
32,1szjyw88,5bcc60b95c2b810001dc68e2,0,29,29,Thanks,MyPage,2024-03-20 17:42:23.395060,1,,,150.0,32,,0.0,3,1,1,1aii5uj2,,,,,0
33,5ltfqaza,65e150a2cca2780f6d77dfa6,0,29,29,Thanks,MyPage,2024-03-20 17:42:24.656642,1,,,50.0,33,,0.0,1,1,1,1aii5uj2,,,,,0
34,w47pik8z,65c10f898294498f2342fd89,0,29,29,Thanks,MyPage,2024-03-20 17:42:26.649660,1,,,200.0,34,,0.0,3,1,1,1aii5uj2,,,,,0
35,cm0lesnp,65f31ae2cdcc56276a223828,0,4,29,Intro_ST,GameIntroPage,2024-03-20 17:42:26.978297,1,,,0.0,35,,0.0,,1,1,1aii5uj2,,,,,0
36,dkvd0gi4,65a007f925c57b5873d500f7,0,29,29,Thanks,MyPage,2024-03-20 17:42:27.127342,1,,,50.0,36,,0.0,2,1,1,1aii5uj2,,,,,0
37,9mfbtlto,56e8bf5a870a8e000b4a8d6e,0,29,29,Thanks,MyPage,2024-03-20 17:42:28.020201,1,,,100.0,37,,0.0,5,1,1,1aii5uj2,,,,,0
38,73toy05o,65627e7e7b17879c112071aa,0,29,29,Thanks,MyPage,2024-03-20 17:42:28.514240,1,,,200.0,38,,0.0,2,1,1,1aii5uj2,,,,,0
39,saqnie4b,5aac0d5a2ffc31000107bcb6,0,29,29,Thanks,MyPage,2024-03-20 17:42:28.941263,1,,,200.0,39,,0.0,2,1,1,1aii5uj2,,,,,0
40,6wkt8ljc,65aa84378692cf702bea51b1,0,29,29,Thanks,MyPage,2024-03-20 17:42:31.161248,1,,,200.0,40,,0.0,2,1,1,1aii5uj2,,,,,0
41,92rbqa7r,6345bfdce5f06f5b4ee98ea8,0,29,29,Thanks,MyPage,2024-03-20 17:42:31.364139,1,,,150.0,41,,0.0,1,1,1,1aii5uj2,,,,,0
42,tvvclnu7,610780a29b8f39b988aedf57,0,6,29,Intro_ST,TestPage,2024-03-20 17:42:31.842086,1,,,0.0,42,,0.0,,1,1,1aii5uj2,,,,,0
43,fsn99yx6,5a4bf09053a4560001ba0ebf,0,29,29,Thanks,MyPage,2024-03-20 17:42:32.023560,1,,,200.0,43,,0.0,2,1,1,1aii5uj2,,,,,0
44,cmr55ui2,608f2bae0ee0a74455533e4c,0,29,29,Thanks,MyPage,2024-03-20 17:42:36.274347,1,,,50.0,44,,0.0,1,1,1,1aii5uj2,,,,,0
45,qgwqqfx0,6369700320bc7dd22e733009,0,29,29,Thanks,MyPage,2024-03-20 17:42:37.473196,1,,,200.0,45,,0.0,4,1,1,1aii5uj2,,,,,0
46,yc5k1in4,5fb41cbb6ab13204137b931e,0,29,29,Thanks,MyPage,2024-03-20 17:42:39.416631,1,,,150.0,46,,0.0,4,1,1,1aii5uj2,,,,,0
47,6vmkul1j,65e60560d30080973c97b387,0,29,29,Thanks,MyPage,2024-03-20 17:42:42.429214,1,,,50.0,47,,0.0,1,1,1,1aii5uj2,,,,,0
48,8nq1ea8e,65c12143b109e591c2192ade,0,29,29,Thanks,MyPage,2024-03-20 17:42:45.527228,1,,,150.0,48,,0.0,1,1,1,1aii5uj2,,,,,0
49,waykxl3j,64666d2ac5eef6c2edef35c0,0,29,29,Thanks,MyPage,2024-03-20 17:42:50.405420,1,,,100.0,49,,0.0,1,1,1,1aii5uj2,,,,,0
50,kv3bei93,5f46cd85e858dd0a24269315,0,29,29,Thanks,MyPage,2024-03-20 17:42:49.705151,1,,,100.0,50,,0.0,1,1,1,1aii5uj2,,,,,0
51,lbycgb6i,65ec325ffdf900c69d899eae,0,29,29,Thanks,MyPage,2024-03-20 17:42:50.270164,1,,,100.0,51,,0.0,2,1,1,1aii5uj2,,,,,0
52,q9gn4fj3,6007a7996fbeef04ce080f90,0,29,29,Thanks,MyPage,2024-03-20 17:42:57.602899,1,,,100.0,52,,0.0,4,1,1,1aii5uj2,,,,,0
53,0qi7wf7o,5d16d17119d2ed0015e21360,0,29,29,Thanks,MyPage,2024-03-20 17:43:27.925291,1,,,150.0,53,,0.0,1,1,1,1aii5uj2,,,,,0
54,z7dddpb8,5d2deed49e70710018fde9e8,0,29,29,Thanks,MyPage,2024-03-20 17:43:47.676563,1,,,100.0,54,,0.0,2,1,1,1aii5uj2,,,,,0
55,4xbk7u5y,65ce24ef16bb961d68282b1d,0,6,29,Intro_ST,TestPage,2024-03-20 17:44:09.651741,1,,,0.0,55,,0.0,,1,1,1aii5uj2,,,,,0
56,mce1terv,60c2b160526d0ae3b07ca006,0,29,29,Thanks,MyPage,2024-03-20 17:44:22.165508,1,,,50.0,56,,0.0,2,1,1,1aii5uj2,,,,,0
57,u5a6ewlh,53987712fdf99b68e3a45021,0,29,29,Thanks,MyPage,2024-03-20 17:44:48.287825,1,,,150.0,57,,0.0,2,1,1,1aii5uj2,,,,,0
58,6cwbdyai,640b816df86dcee615619d0d,0,29,29,Thanks,MyPage,2024-03-20 17:45:54.394081,1,,,200.0,58,,0.0,1,1,1,1aii5uj2,,,,,0
59,sgrheznd,655341eb4e3bc14629ff1f23,0,29,29,Thanks,MyPage,2024-03-20 17:46:13.752038,1,,,200.0,59,,0.0,1,1,1,1aii5uj2,,,,,0
60,3jq5ta6j,60b49cb1dc5470789edd23fe,0,29,29,Thanks,MyPage,2024-03-20 17:46:52.359463,1,,,150.0,60,,0.0,1,1,1,1aii5uj2,,,,,0
61,m7vuhruv,62a42874616cea6120350ad9,0,29,29,Thanks,MyPage,2024-03-20 17:48:35.490034,1,,,200.0,61,,0.0,4,1,1,1aii5uj2,,,,,0
62,443fhdmm,6488e429e530a1949174c9f4,0,2,29,Consent_general,GeneralIntroPage,2024-03-20 17:49:02.330359,1,,,0.0,62,,0.0,,1,1,1aii5uj2,,,,,0
63,mp426jr6,616c056b42e788ef31efc4b0,0,29,29,Thanks,MyPage,2024-03-20 17:49:05.641377,1,,,150.0,63,,0.0,2,1,1,1aii5uj2,,,,,0
64,19v9orim,5ff07b5ee7a1d23e719e421e,0,29,29,Thanks,MyPage,2024-03-20 17:49:06.641711,1,,,150.0,64,,0.0,5,1,1,1aii5uj2,,,,,0
65,8krib80r,610d6c481ca4797b863fe3d1,0,29,29,Thanks,MyPage,2024-03-20 17:49:11.839149,1,,,150.0,65,,0.0,4,1,1,1aii5uj2,,,,,0
66,ec7j7jxy,65eb6ffd3cd8843ed98975a5,0,29,29,Thanks,MyPage,2024-03-20 17:49:13.918293,1,,,150.0,66,,0.0,4,1,1,1aii5uj2,,,,,0
67,9l0qr32d,65d6af2397543519d98f2498,0,29,29,Thanks,MyPage,2024-03-20 17:49:15.509315,1,,,200.0,67,,0.0,4,1,1,1aii5uj2,,,,,0
68,pi40u589,5a6f1ccade1f390001dbd8b7,0,29,29,Thanks,MyPage,2024-03-20 17:49:18.766689,1,,,150.0,68,,0.0,4,1,1,1aii5uj2,,,,,0
69,luqi1dm7,63d3fa0d6c990bc96e11becf,0,29,29,Thanks,MyPage,2024-03-20 17:49:18.725446,1,,,50.0,69,,0.0,2,1,1,1aii5uj2,,,,,0
70,b2ccurz9,60dbf4d94a3b5564b68881e8,0,29,29,Thanks,MyPage,2024-03-20 17:49:19.772492,1,,,200.0,70,,0.0,1,1,1,1aii5uj2,,,,,0
71,ghm3jx1p,5b20fb104c72120001f26359,0,6,29,Intro_ST,TestPage,2024-03-20 17:49:19.983146,1,,,0.0,71,,0.0,,1,1,1aii5uj2,,,,,0
72,zopqa6ar,611183b5896b557f04dcc3aa,0,29,29,Thanks,MyPage,2024-03-20 17:49:21.048418,1,,,50.0,72,,0.0,3,1,1,1aii5uj2,,,,,0
73,wawt1udd,5da88a6037d42100144928bd,0,29,29,Thanks,MyPage,2024-03-20 17:49:23.035271,1,,,150.0,73,,0.0,5,1,1,1aii5uj2,,,,,0
74,0h240hpk,65dfb811a54bc9bfe49c42f5,0,29,29,Thanks,MyPage,2024-03-20 17:49:24.203423,1,,,150.0,74,,0.0,5,1,1,1aii5uj2,,,,,0
75,rw5lg9kt,5dd4767b32288646716dc98a,0,29,29,Thanks,MyPage,2024-03-20 17:49:24.225795,1,,,200.0,75,,0.0,2,1,1,1aii5uj2,,,,,0
76,ewo3tuk6,64045393fa09ada78f0b5301,0,29,29,Thanks,MyPage,2024-03-20 17:49:27.360544,1,,,150.0,76,,0.0,1,1,1,1aii5uj2,,,,,0
77,lvmc0h33,597763c969b5670001b6c8cf,0,6,29,Intro_ST,TestPage,2024-03-20 17:49:29.176326,1,,,0.0,77,,0.0,,1,1,1aii5uj2,,,,,0
78,yckq2wxx,650b0eb2e8c0266da78521fb,0,29,29,Thanks,MyPage,2024-03-20 17:49:29.345882,1,,,50.0,78,,0.0,4,1,1,1aii5uj2,,,,,0
79,lpz01l80,5aa69293f6dfdd0001eb03ec,0,3,29,Consent_general,WithdrawPage,2024-03-20 17:49:31.590793,1,,,0.0,79,,0.0,,1,1,1aii5uj2,,,,,0
80,4p0cx926,64d12a70e6bc34c6c54d0097,0,29,29,Thanks,MyPage,2024-03-20 17:49:31.735530,1,,,200.0,80,,0.0,1,1,1,1aii5uj2,,,,,0
81,t1rb92gl,5d649652adc4e8001a2d258d,0,29,29,Thanks,MyPage,2024-03-20 17:49:32.051176,1,,,150.0,81,,0.0,3,1,1,1aii5uj2,,,,,0
82,q1y5dyzi,65028df3dcbf9224299692c4,0,29,29,Thanks,MyPage,2024-03-20 17:49:37.526185,1,,,100.0,82,,0.0,4,1,1,1aii5uj2,,,,,0
83,x51yjblg,65eb78516ff6798ef91c756c,0,29,29,Thanks,MyPage,2024-03-20 17:49:38.347741,1,,,150.0,83,,0.0,1,1,1,1aii5uj2,,,,,0
84,4oqxe6md,628c2454c8c66010dd87391d,0,29,29,Thanks,MyPage,2024-03-20 17:49:38.066080,1,,,150.0,84,,0.0,3,1,1,1aii5uj2,,,,,0
85,uv1sk6ce,5fc7a6aaa7646c0009521161,0,29,29,Thanks,MyPage,2024-03-20 17:49:41.339305,1,,,50.0,85,,0.0,1,1,1,1aii5uj2,,,,,0
86,9tsrbz0v,632b947efa9da6a9bde31f94,0,29,29,Thanks,MyPage,2024-03-20 17:49:42.041469,1,,,150.0,86,,0.0,5,1,1,1aii5uj2,,,,,0
87,fmg7lp2f,61071715ef66759482346ce4,0,29,29,Thanks,MyPage,2024-03-20 17:49:42.805472,1,,,150.0,87,,0.0,1,1,1,1aii5uj2,,,,,0
88,79th3xgg,65b92135e296f28cb1a093c3,0,29,29,Thanks,MyPage,2024-03-20 17:49:43.998077,1,,,200.0,88,,0.0,2,1,1,1aii5uj2,,,,,0
89,sxvomnz4,65a53b4da8e15bf1de72f873,0,29,29,Thanks,MyPage,2024-03-20 17:49:46.488079,1,,,100.0,89,,0.0,1,1,1,1aii5uj2,,,,,0
90,2a09ajwr,647c65c5acb91c89819c7970,0,29,29,Thanks,MyPage,2024-03-20 17:49:49.585129,1,,,50.0,90,,0.0,1,1,1,1aii5uj2,,,,,0
91,diiocdgz,64527892acde0fbd392a41d6,0,29,29,Thanks,MyPage,2024-03-20 17:49:58.527757,1,,,100.0,91,,0.0,4,1,1,1aii5uj2,,,,,0
92,4hruaqab,6575fb1c1a04b30cfb2832d5,0,29,29,Thanks,MyPage,2024-03-20 17:50:29.783669,1,,,200.0,92,,0.0,1,1,1,1aii5uj2,,,,,0
93,no21apzb,62b07fada18474adc21fa4b1,0,16,29,not_completed,MyPage,2024-03-20 17:50:29.849322,1,,,0.0,93,,0.0,,1,1,1aii5uj2,,,,,0
94,eintq4h9,6531958a74d39ace86a60bd9,0,29,29,Thanks,MyPage,2024-03-20 17:50:33.702124,1,,,200.0,94,,0.0,2,1,1,1aii5uj2,,,,,0
95,tiltjivd,5f4a7a00dc1bde60ab8f7ac5,0,29,29,Thanks,MyPage,2024-03-20 17:50:33.856358,1,,,150.0,95,,0.0,2,1,1,1aii5uj2,,,,,0
96,1armsbto,5b33a01fa8327d0001003821,0,29,29,Thanks,MyPage,2024-03-20 17:50:36.852418,1,,,100.0,96,,0.0,4,1,1,1aii5uj2,,,,,0
97,m742inz5,6560ca7bb947c4f10cf53c36,0,29,29,Thanks,MyPage,2024-03-20 17:50:42.170931,1,,,200.0,97,,0.0,4,1,1,1aii5uj2,,,,,0
98,ilbvg6hb,6518cf249463264599a7918d,0,29,29,Thanks,MyPage,2024-03-20 17:50:43.606356,1,,,50.0,98,,0.0,2,1,1,1aii5uj2,,,,,0
99,dwgl499y,65cba317504938f6ca5272f5,0,29,29,Thanks,MyPage,2024-03-20 17:50:44.073939,1,,,150.0,99,,0.0,4,1,1,1aii5uj2,,,,,0
100,gl7ftop5,5ff1fd761d6cb468718cdbeb,0,29,29,Thanks,MyPage,2024-03-20 17:50:45.997864,1,,,100.0,100,,0.0,2,1,1,1aii5uj2,,,,,0
101,0qjuihlm,6441557474b4acdbbcc9e4eb,0,29,29,Thanks,MyPage,2024-03-20 17:50:47.545420,1,,,50.0,101,,0.0,1,1,1,1aii5uj2,,,,,0
102,ixdr83p2,5d7ff85ffec5620017b07c40,0,29,29,Thanks,MyPage,2024-03-20 17:50:51.347741,1,,,50.0,102,,0.0,4,1,1,1aii5uj2,,,,,0
103,fxsxc630,65d0bc61f1264ee93bd93055,0,29,29,Thanks,MyPage,2024-03-20 17:50:53.747524,1,,,50.0,103,,0.0,2,1,1,1aii5uj2,,,,,0
104,bkrluo84,651c2cc23704dc10500ae77c,0,29,29,Thanks,MyPage,2024-03-20 17:50:59.758602,1,,,50.0,104,,0.0,4,1,1,1aii5uj2,,,,,0
105,wkxjulqf,59f0f82ce75b450001a699ad,0,29,29,Thanks,MyPage,2024-03-20 17:51:21.744039,1,,,50.0,105,,0.0,1,1,1,1aii5uj2,,,,,0
106,4zrm14m4,63052f20afc39e87110eb83e,0,29,29,Thanks,MyPage,2024-03-20 17:52:01.119382,1,,,100.0,106,,0.0,3,1,1,1aii5uj2,,,,,0
107,pf11h3a4,63ebb22fae90027a0e121582,0,29,29,Thanks,MyPage,2024-03-20 17:52:11.413540,1,,,50.0,107,,0.0,1,1,1,1aii5uj2,,,,,0
108,qzdowl3n,65eb922aaa1aed668c846309,0,29,29,Thanks,MyPage,2024-03-20 17:54:08.844948,1,,,200.0,108,,0.0,1,1,1,1aii5uj2,,,,,0
109,5xz1irys,63616240cc69594f32b0ff2e,0,29,29,Thanks,MyPage,2024-03-20 17:55:28.482888,1,,,150.0,109,,0.0,1,1,1,1aii5uj2,,,,,0
110,9y77t12g,5ac440da9534ba0001c736da,0,29,29,Thanks,MyPage,2024-03-20 17:56:45.326177,1,,,150.0,110,,0.0,2,1,1,1aii5uj2,,,,,0
111,5e49xzub,60fcefe49e61a0aa689df3c8,0,16,29,not_completed,MyPage,2024-03-20 17:58:24.945525,1,,,0.0,111,,0.0,,1,1,1aii5uj2,,,,,0
112,f7y4g0pg,,0,0,29,,,,0,,,0.0,112,,0.0,,1,1,1aii5uj2,,,,,0
113,nmtzo14p,,0,0,29,,,,0,,,0.0,113,,0.0,,1,1,1aii5uj2,,,,,0
114,xtdlxlgn,,0,0,29,,,,0,,,0.0,114,,0.0,,1,1,1aii5uj2,,,,,0
115,uxn2d14q,,0,0,29,,,,0,,,0.0,115,,0.0,,1,1,1aii5uj2,,,,,0
116,fpikt2au,,0,0,29,,,,0,,,0.0,116,,0.0,,1,1,1aii5uj2,,,,,0
117,n6ee21r0,,0,0,29,,,,0,,,0.0,117,,0.0,,1,1,1aii5uj2,,,,,0
118,hdn6pm4q,,0,0,29,,,,0,,,0.0,118,,0.0,,1,1,1aii5uj2,,,,,0
119,xrqe7ecz,,0,0,29,,,,0,,,0.0,119,,0.0,,1,1,1aii5uj2,,,,,0
120,vfl75c4b,,0,0,29,,,,0,,,0.0,120,,0.0,,1,1,1aii5uj2,,,,,0
121,a7977py1,,0,0,29,,,,0,,,0.0,121,,0.0,,1,1,1aii5uj2,,,,,0
122,c58bx38s,,0,0,29,,,,0,,,0.0,122,,0.0,,1,1,1aii5uj2,,,,,0
123,vaey9jly,,0,0,29,,,,0,,,0.0,123,,0.0,,1,1,1aii5uj2,,,,,0
124,mvab53zk,,0,0,29,,,,0,,,0.0,124,,0.0,,1,1,1aii5uj2,,,,,0
125,hj639rfl,,0,0,29,,,,0,,,0.0,125,,0.0,,1,1,1aii5uj2,,,,,0
126,etgzpbpd,,0,0,29,,,,0,,,0.0,126,,0.0,,1,1,1aii5uj2,,,,,0
127,j2can7sj,,0,0,29,,,,0,,,0.0,127,,0.0,,1,1,1aii5uj2,,,,,0
128,5l0ppckq,,0,0,29,,,,0,,,0.0,128,,0.0,,1,1,1aii5uj2,,,,,0
129,y76qmogb,,0,0,29,,,,0,,,0.0,129,,0.0,,1,1,1aii5uj2,,,,,0
130,odmud51s,,0,0,29,,,,0,,,0.0,130,,0.0,,1,1,1aii5uj2,,,,,0
1,nrglb8r9,63c515f70542e2ff1937031b,0,1,29,Consent_general,ConsentPage,2024-03-20 17:07:16.048016,1,,,0.0,1,,0.0,,1,1,u3pxiuqe,,,,,0
2,ld5mleiz,64402f7ad3d019dc99b9f3f0,0,29,29,Thanks,MyPage,2024-03-20 17:11:14.462077,1,,,150.0,2,,0.0,2,1,1,u3pxiuqe,,,,,0
3,s2opc3fe,63f82a4ff43ec144ca3622a8,0,4,29,Intro_RT,GameIntroPage,2024-03-20 17:12:22.976940,1,,,0.0,3,,0.0,,1,1,u3pxiuqe,,,,,0
4,0beg25bq,13g00T7Zd26ml597DL6956S7,0,1,29,Consent_general,ConsentPage,2024-03-20 17:12:24.390573,1,,,0.0,4,,0.0,,1,1,u3pxiuqe,,,,,0
5,e30ecthk,5d4869cc692e5400197a980c,0,29,29,Thanks,MyPage,2024-03-20 17:12:32.575822,1,,,100.0,5,,0.0,4,1,1,u3pxiuqe,,,,,0
6,ubb99n51,5dc483cf74939e34e55c3619,0,29,29,Thanks,MyPage,2024-03-20 17:12:34.768033,1,,,150.0,6,,0.0,5,1,1,u3pxiuqe,,,,,0
7,3lffep14,1Jg007jZ12609Z97D96n5667,0,1,29,Consent_general,ConsentPage,2024-03-20 17:12:36.619920,1,,,0.0,7,,0.0,,1,1,u3pxiuqe,,,,,0
8,9gnrbho9,5deb341d35575a2547b1f85a,0,29,29,Thanks,MyPage,2024-03-20 17:13:06.903299,1,,,150.0,8,,0.0,4,1,1,u3pxiuqe,,,,,0
9,kh929oi9,5d63867550d0dd0017805976,0,29,29,Thanks,MyPage,2024-03-20 17:13:08.352705,1,,,150.0,9,,0.0,4,1,1,u3pxiuqe,,,,,0
10,a7j57a3j,63d152150ad28a2b24aa507a,0,29,29,Thanks,MyPage,2024-03-20 17:13:08.888743,1,,,150.0,10,,0.0,4,1,1,u3pxiuqe,,,,,0
11,fjokx5q5,6553ec2b42938fd3b702d694,0,6,29,Intro_RT,TestPage,2024-03-20 17:13:14.008861,1,,,0.0,11,,0.0,,1,1,u3pxiuqe,,,,,0
12,dfzkut6v,5df4892578322533c70aecdf,0,29,29,Thanks,MyPage,2024-03-20 17:13:14.762172,1,,,150.0,12,,0.0,4,1,1,u3pxiuqe,,,,,0
13,2u9wm28s,651dc3d05cac9714062c2034,0,29,29,Thanks,MyPage,2024-03-20 17:13:44.114401,1,,,150.0,13,,0.0,4,1,1,u3pxiuqe,,,,,0
14,66rs23rm,62976e7114308ee7c69d10ae,0,29,29,Thanks,MyPage,2024-03-20 17:13:45.739287,1,,,150.0,14,,0.0,4,1,1,u3pxiuqe,,,,,0
15,mu1p7472,5bef64b373e44f0001092811,0,29,29,Thanks,MyPage,2024-03-20 17:13:58.947621,1,,,150.0,15,,0.0,1,1,1,u3pxiuqe,,,,,0
16,lypnbq34,5c223d4a4a7e1f000137e5b9,0,29,29,Thanks,MyPage,2024-03-20 17:14:03.900502,1,,,150.0,16,,0.0,4,1,1,u3pxiuqe,,,,,0
17,0qrpj0vq,63dd3dd2593c92be97d8dbde,0,29,29,Thanks,MyPage,2024-03-20 17:14:33.305765,1,,,150.0,17,,0.0,5,1,1,u3pxiuqe,,,,,0
18,qln9aj7i,5de5496937e1d50ca63e0fa5,0,29,29,Thanks,MyPage,2024-03-20 17:14:42.680319,1,,,150.0,18,,0.0,4,1,1,u3pxiuqe,,,,,0
19,hinodhov,5d2fb8f7034d7d000164bd18,0,29,29,Thanks,MyPage,2024-03-20 17:14:44.495582,1,,,100.0,19,,0.0,2,1,1,u3pxiuqe,,,,,0
20,ypglwbs1,657b111e0f834cfa496bd068,0,29,29,Thanks,MyPage,2024-03-20 17:14:54.540456,1,,,150.0,20,,0.0,3,1,1,u3pxiuqe,,,,,0
21,kcvtghym,6150ad2e7810ffa81684d2cb,0,29,29,Thanks,MyPage,2024-03-20 17:14:54.557099,1,,,50.0,21,,0.0,2,1,1,u3pxiuqe,,,,,0
22,h8bpec9c,5ffb8c5b60571908f3ac19fa,0,29,29,Thanks,MyPage,2024-03-20 17:14:56.225478,1,,,150.0,22,,0.0,4,1,1,u3pxiuqe,,,,,0
23,yd563c1v,5f2f03deec679e2cf4a992e6,0,29,29,Thanks,MyPage,2024-03-20 17:14:58.045943,1,,,150.0,23,,0.0,1,1,1,u3pxiuqe,,,,,0
24,smh7gp04,63852498bcb698988baa11c2,0,6,29,Intro_RT,TestPage,2024-03-20 17:15:12.770744,1,,,0.0,24,,0.0,,1,1,u3pxiuqe,,,,,0
25,ul77hvr9,611c0f606e7c5373600b2943,0,29,29,Thanks,MyPage,2024-03-20 17:15:19.529678,1,,,150.0,25,,0.0,3,1,1,u3pxiuqe,,,,,0
26,wpyjdfq4,5d350282cec7150015d16494,0,29,29,Thanks,MyPage,2024-03-20 17:15:25.280557,1,,,150.0,26,,0.0,2,1,1,u3pxiuqe,,,,,0
27,ycxqusv9,6412285c18716831333d53b3,0,29,29,Thanks,MyPage,2024-03-20 17:15:26.820574,1,,,100.0,27,,0.0,2,1,1,u3pxiuqe,,,,,0
28,t6lxoiso,63a9a8f2f098b7e45bd03721,0,29,29,Thanks,MyPage,2024-03-20 17:15:28.804715,1,,,150.0,28,,0.0,5,1,1,u3pxiuqe,,,,,0
29,oaha4rl3,58ac91c38bf22a00015b91b3,0,29,29,Thanks,MyPage,2024-03-20 17:15:29.273141,1,,,150.0,29,,0.0,2,1,1,u3pxiuqe,,,,,0
30,oomb2wb1,6429ffe11a9806a9a95ad072,0,29,29,Thanks,MyPage,2024-03-20 17:15:34.691011,1,,,150.0,30,,0.0,5,1,1,u3pxiuqe,,,,,0
31,ghj205rp,6387984be099d077b7cd8508,0,29,29,Thanks,MyPage,2024-03-20 17:15:35.002095,1,,,150.0,31,,0.0,1,1,1,u3pxiuqe,,,,,0
32,snft7z1p,56caf7b564c068000c4d798a,0,29,29,Thanks,MyPage,2024-03-20 17:15:46.802136,1,,,100.0,32,,0.0,4,1,1,u3pxiuqe,,,,,0
33,iqs3hw3b,5df3c82961b48a2907204173,0,29,29,Thanks,MyPage,2024-03-20 17:15:49.398756,1,,,150.0,33,,0.0,3,1,1,u3pxiuqe,,,,,0
34,eejryc3s,5e84bd7c34d5d9072128fac1,0,29,29,Thanks,MyPage,2024-03-20 17:15:52.823898,1,,,150.0,34,,0.0,4,1,1,u3pxiuqe,,,,,0
35,92cmc2rk,6413665e5dec6a98797ef5ab,0,29,29,Thanks,MyPage,2024-03-20 17:15:56.363460,1,,,100.0,35,,0.0,3,1,1,u3pxiuqe,,,,,0
36,9u6pbmu4,60c770aa2d2928bfda4c7cd4,0,6,29,Intro_RT,TestPage,2024-03-20 17:16:01.155814,1,,,0.0,36,,0.0,,1,1,u3pxiuqe,,,,,0
37,dxg0lw7j,65dea762ac0ca424b0ac42ed,0,29,29,Thanks,MyPage,2024-03-20 17:16:01.232316,1,,,150.0,37,,0.0,4,1,1,u3pxiuqe,,,,,0
38,ylo67zbf,606e3ddf19540080228e3a0c,0,29,29,Thanks,MyPage,2024-03-20 17:16:04.732654,1,,,150.0,38,,0.0,2,1,1,u3pxiuqe,,,,,0
39,d0alvsma,6010b744db280e455a5250bd,0,29,29,Thanks,MyPage,2024-03-20 17:16:14.417698,1,,,200.0,39,,0.0,4,1,1,u3pxiuqe,,,,,0
40,0zg5xwa1,656607db0fc2ad7c7b0948fa,0,29,29,Thanks,MyPage,2024-03-20 17:16:20.225360,1,,,100.0,40,,0.0,1,1,1,u3pxiuqe,,,,,0
41,uyraxgs4,6034badeb512f97ce3682dc7,0,29,29,Thanks,MyPage,2024-03-20 17:16:20.665117,1,,,150.0,41,,0.0,5,1,1,u3pxiuqe,,,,,0
42,8cth7ti0,5c7e764fa7432a00169e1499,0,29,29,Thanks,MyPage,2024-03-20 17:16:25.108765,1,,,150.0,42,,0.0,2,1,1,u3pxiuqe,,,,,0
43,b67xrvbt,58742bf5d53c97000159df8c,0,29,29,Thanks,MyPage,2024-03-20 17:16:26.401374,1,,,150.0,43,,0.0,4,1,1,u3pxiuqe,,,,,0
44,uchsuaof,657b30f313bd945721ab89dc,0,29,29,Thanks,MyPage,2024-03-20 17:16:27.142069,1,,,100.0,44,,0.0,1,1,1,u3pxiuqe,,,,,0
45,6g790191,570bc1ffb9b52b00102db939,0,29,29,Thanks,MyPage,2024-03-20 17:16:32.518984,1,,,150.0,45,,0.0,4,1,1,u3pxiuqe,,,,,0
46,1xq1rplo,65f37b2a052a9616b7b9d0f2,0,29,29,Thanks,MyPage,2024-03-20 17:16:33.466319,1,,,100.0,46,,0.0,2,1,1,u3pxiuqe,,,,,0
47,asssrani,5e6033dbfb4665381e27f2fc,0,29,29,Thanks,MyPage,2024-03-20 17:16:34.889416,1,,,150.0,47,,0.0,4,1,1,u3pxiuqe,,,,,0
48,v5nipys6,608437f0b139060610c9f0c1,0,6,29,Intro_RT,TestPage,2024-03-20 17:16:42.440098,1,,,0.0,48,,0.0,,1,1,u3pxiuqe,,,,,0
49,22msze0d,65de3f6558e2556c9250e39e,0,29,29,Thanks,MyPage,2024-03-20 17:16:46.709310,1,,,150.0,49,,0.0,4,1,1,u3pxiuqe,,,,,0
50,o0vl7inn,5fe112243ce806b5704eca6e,0,29,29,Thanks,MyPage,2024-03-20 17:16:54.628844,1,,,150.0,50,,0.0,5,1,1,u3pxiuqe,,,,,0
51,sx1bgqlh,5f77c6a1a110ce346dc016ec,0,5,29,Intro_RT,DemoPage,2024-03-20 17:16:57.319061,1,,,0.0,51,,0.0,,1,1,u3pxiuqe,,,,,0
52,v5s7zw6t,559ffa9bfdf99b0ad674856a,0,29,29,Thanks,MyPage,2024-03-20 17:17:02.840550,1,,,150.0,52,,0.0,2,1,1,u3pxiuqe,,,,,0
53,zp1ahlkv,628dfaf2fdd97303f3087572,0,29,29,Thanks,MyPage,2024-03-20 17:17:05.445374,1,,,150.0,53,,0.0,1,1,1,u3pxiuqe,,,,,0
54,m3q54e5k,601b9077694f034f0092dd8f,0,29,29,Thanks,MyPage,2024-03-20 17:17:11.371394,1,,,100.0,54,,0.0,1,1,1,u3pxiuqe,,,,,0
55,wc9snjae,6516d5862e627be30bea296f,0,29,29,Thanks,MyPage,2024-03-20 17:17:14.851219,1,,,150.0,55,,0.0,4,1,1,u3pxiuqe,,,,,0
56,m96lq0i8,60f6ce6de6cf393bcde0c14d,0,29,29,Thanks,MyPage,2024-03-20 17:17:20.262089,1,,,100.0,56,,0.0,5,1,1,u3pxiuqe,,,,,0
57,5uouorfa,61575f1257634f8182c29c16,0,29,29,Thanks,MyPage,2024-03-20 17:17:28.851620,1,,,150.0,57,,0.0,2,1,1,u3pxiuqe,,,,,0
58,idm03cix,6543abd612dc7fc77f466814,0,6,29,Intro_RT,TestPage,2024-03-20 17:17:38.530040,1,,,0.0,58,,0.0,,1,1,u3pxiuqe,,,,,0
59,34kjfg9m,6506f9e821e92759b20c2be6,0,29,29,Thanks,MyPage,2024-03-20 17:17:43.687616,1,,,150.0,59,,0.0,2,1,1,u3pxiuqe,,,,,0
60,djhth67v,627448a7458cf55c0cdea3bb,0,6,29,Intro_RT,TestPage,2024-03-20 17:17:46.936228,1,,,0.0,60,,0.0,,1,1,u3pxiuqe,,,,,0
61,o1ej9s8b,5fd9227fbeeb773aa4d6c986,0,29,29,Thanks,MyPage,2024-03-20 17:17:53.939585,1,,,150.0,61,,0.0,4,1,1,u3pxiuqe,,,,,0
62,ndqcjsz8,5ba292385301b80001c71ba2,0,6,29,Intro_RT,TestPage,2024-03-20 17:17:57.720997,1,,,0.0,62,,0.0,,1,1,u3pxiuqe,,,,,0
63,ol1fbuh7,6400e3697879c55c323f34d0,0,29,29,Thanks,MyPage,2024-03-20 17:18:03.838059,1,,,150.0,63,,0.0,4,1,1,u3pxiuqe,,,,,0
64,g1miuhm4,65c642e97c58317f4730e6a0,0,29,29,Thanks,MyPage,2024-03-20 17:18:03.301063,1,,,150.0,64,,0.0,5,1,1,u3pxiuqe,,,,,0
65,ynk0hlvj,5f3d6975ef131710ed519c7a,0,29,29,Thanks,MyPage,2024-03-20 17:18:03.696485,1,,,150.0,65,,0.0,5,1,1,u3pxiuqe,,,,,0
66,ihs5wz6x,56fa002e8425ef000b3a4276,0,29,29,Thanks,MyPage,2024-03-20 17:18:07.853525,1,,,150.0,66,,0.0,4,1,1,u3pxiuqe,,,,,0
67,f118z40s,655fa05b1303f59972ea6555,0,29,29,Thanks,MyPage,2024-03-20 17:18:14.201820,1,,,150.0,67,,0.0,1,1,1,u3pxiuqe,,,,,0
68,5mnulid6,657a151c1529c17f751d218d,0,29,29,Thanks,MyPage,2024-03-20 17:18:19.718612,1,,,50.0,68,,0.0,4,1,1,u3pxiuqe,,,,,0
69,c0iy3l1q,6234d77291179c1badffad36,0,29,29,Thanks,MyPage,2024-03-20 17:18:22.892606,1,,,150.0,69,,0.0,5,1,1,u3pxiuqe,,,,,0
70,afli1r4h,62c08fa6cab36e3a08790b49,0,29,29,Thanks,MyPage,2024-03-20 17:18:38.400872,1,,,150.0,70,,0.0,5,1,1,u3pxiuqe,,,,,0
71,44ejfdw9,5b15d20c444cef0001cb1153,0,6,29,Intro_RT,TestPage,2024-03-20 17:18:54.608777,1,,,0.0,71,,0.0,,1,1,u3pxiuqe,,,,,0
72,7w8mfjg6,628f7ed6b17795e8b70cc336,0,29,29,Thanks,MyPage,2024-03-20 17:19:58.093549,1,,,100.0,72,,0.0,4,1,1,u3pxiuqe,,,,,0
73,l5u5owrn,651c4484ba17050f6b716614,0,29,29,Thanks,MyPage,2024-03-20 17:20:05.897029,1,,,100.0,73,,0.0,2,1,1,u3pxiuqe,,,,,0
74,g3kmgsoq,5a7a1973000dab00018c3410,0,6,29,Intro_RT,TestPage,2024-03-20 17:20:31.287595,1,,,0.0,74,,0.0,,1,1,u3pxiuqe,,,,,0
75,85kv4jlr,638fdf87700dd1228bade2e1,0,29,29,Thanks,MyPage,2024-03-20 17:20:58.597588,1,,,150.0,75,,0.0,4,1,1,u3pxiuqe,,,,,0
76,1dzphk30,60ff1981688229d1e3eb43e9,0,29,29,Thanks,MyPage,2024-03-20 17:21:11.423380,1,,,150.0,76,,0.0,2,1,1,u3pxiuqe,,,,,0
77,3esxb136,65c243c37e0d77ca70ee030e,0,29,29,Thanks,MyPage,2024-03-20 17:21:13.073703,1,,,100.0,77,,0.0,2,1,1,u3pxiuqe,,,,,0
78,3qjeofau,601b28841ca7bb2f8edaa293,0,29,29,Thanks,MyPage,2024-03-20 17:21:13.087870,1,,,150.0,78,,0.0,2,1,1,u3pxiuqe,,,,,0
79,ieqwa689,65e85ad0d2ec2a33602e60ea,0,29,29,Thanks,MyPage,2024-03-20 17:21:18.436046,1,,,150.0,79,,0.0,4,1,1,u3pxiuqe,,,,,0
80,il8jqzhx,613929236e3092c6bad219ab,0,29,29,Thanks,MyPage,2024-03-20 17:21:21.105272,1,,,150.0,80,,0.0,5,1,1,u3pxiuqe,,,,,0
81,dfentjfu,6312ada1ce715ee3916c3748,0,29,29,Thanks,MyPage,2024-03-20 17:21:21.200810,1,,,50.0,81,,0.0,1,1,1,u3pxiuqe,,,,,0
82,xawb8d0f,65e1f75ab3efd22e847cfbf0,0,29,29,Thanks,MyPage,2024-03-20 17:21:21.192137,1,,,150.0,82,,0.0,1,1,1,u3pxiuqe,,,,,0
83,s649eh93,656cfa13c7a413e298816ba9,0,29,29,Thanks,MyPage,2024-03-20 17:21:24.076234,1,,,150.0,83,,0.0,1,1,1,u3pxiuqe,,,,,0
84,fszdce4l,5f326f3697c53601f394368a,0,6,29,Intro_RT,TestPage,2024-03-20 17:21:24.933645,1,,,0.0,84,,0.0,,1,1,u3pxiuqe,,,,,0
85,4l8yulta,6272892b05043371638ee032,0,29,29,Thanks,MyPage,2024-03-20 17:21:25.412932,1,,,150.0,85,,0.0,2,1,1,u3pxiuqe,,,,,0
86,w22ij7xd,63d9bbe653e18c0a4e74f51f,0,29,29,Thanks,MyPage,2024-03-20 17:21:25.986515,1,,,200.0,86,,0.0,1,1,1,u3pxiuqe,,,,,0
87,w9t2thzb,60f43c3a0fd9723feba1af38,0,29,29,Thanks,MyPage,2024-03-20 17:21:30.140047,1,,,100.0,87,,0.0,2,1,1,u3pxiuqe,,,,,0
88,hln91wfy,63e51bd9b573cd46809e1d56,0,29,29,Thanks,MyPage,2024-03-20 17:21:31.221129,1,,,150.0,88,,0.0,1,1,1,u3pxiuqe,,,,,0
89,33slwqkp,5e28f70500bb310cf3934256,0,29,29,Thanks,MyPage,2024-03-20 17:21:31.876225,1,,,150.0,89,,0.0,5,1,1,u3pxiuqe,,,,,0
90,znakzdef,657a6ecc62c29be44b207d5d,0,29,29,Thanks,MyPage,2024-03-20 17:21:32.829901,1,,,150.0,90,,0.0,5,1,1,u3pxiuqe,,,,,0
91,fxj4jluc,64307c41aa1212bc732f9dfc,0,29,29,Thanks,MyPage,2024-03-20 17:21:32.788041,1,,,150.0,91,,0.0,4,1,1,u3pxiuqe,,,,,0
92,cwbceclq,5d4c7ac3e8ec490018b0050d,0,29,29,Thanks,MyPage,2024-03-20 17:21:32.823230,1,,,150.0,92,,0.0,5,1,1,u3pxiuqe,,,,,0
93,qm1vm0at,658574304634f5056c49285c,0,29,29,Thanks,MyPage,2024-03-20 17:21:39.192127,1,,,150.0,93,,0.0,3,1,1,u3pxiuqe,,,,,0
94,epen8kl1,63ebd1cd6715f8cbe3405c82,0,29,29,Thanks,MyPage,2024-03-20 17:21:39.165743,1,,,200.0,94,,0.0,1,1,1,u3pxiuqe,,,,,0
95,kqktcdky,60e364349645120ba12a3d70,0,29,29,Thanks,MyPage,2024-03-20 17:21:39.351734,1,,,150.0,95,,0.0,2,1,1,u3pxiuqe,,,,,0
96,xjxyj9bs,60955a048531613c66404fb2,0,29,29,Thanks,MyPage,2024-03-20 17:21:44.311778,1,,,150.0,96,,0.0,4,1,1,u3pxiuqe,,,,,0
97,nlslds95,646ac5581ee782f7fc945861,0,29,29,Thanks,MyPage,2024-03-20 17:21:47.958828,1,,,100.0,97,,0.0,1,1,1,u3pxiuqe,,,,,0
98,bccuqrty,63ea6fc5092518554c9b8111,0,29,29,Thanks,MyPage,2024-03-20 17:21:48.217058,1,,,150.0,98,,0.0,5,1,1,u3pxiuqe,,,,,0
99,uqacl68y,65e64c08cd1bf3d6ab957af7,0,29,29,Thanks,MyPage,2024-03-20 17:21:50.168831,1,,,100.0,99,,0.0,2,1,1,u3pxiuqe,,,,,0
100,atjdcdps,65959f82b8fe41e7115815a1,0,29,29,Thanks,MyPage,2024-03-20 17:21:52.301414,1,,,100.0,100,,0.0,1,1,1,u3pxiuqe,,,,,0
101,a7hepr58,65959a63cb30f7348aba06f0,0,29,29,Thanks,MyPage,2024-03-20 17:22:11.367966,1,,,50.0,101,,0.0,4,1,1,u3pxiuqe,,,,,0
102,ub9cbhoc,63bd971320ab2d40a1d02aa8,0,29,29,Thanks,MyPage,2024-03-20 17:22:12.120492,1,,,100.0,102,,0.0,4,1,1,u3pxiuqe,,,,,0
103,m55qiio8,63be3c7ab7bccecc7dc80cd4,0,29,29,Thanks,MyPage,2024-03-20 17:22:13.411440,1,,,150.0,103,,0.0,4,1,1,u3pxiuqe,,,,,0
104,oej8g9su,633f4f203450d46b01e3d16b,0,29,29,Thanks,MyPage,2024-03-20 17:22:20.058624,1,,,150.0,104,,0.0,4,1,1,u3pxiuqe,,,,,0
105,sxek1mm4,65444bbc48998c14318caf9f,0,29,29,Thanks,MyPage,2024-03-20 17:22:26.270473,1,,,100.0,105,,0.0,5,1,1,u3pxiuqe,,,,,0
106,4t0pokhm,600db78b56935a5dd8c759b3,0,29,29,Thanks,MyPage,2024-03-20 17:22:35.011980,1,,,200.0,106,,0.0,1,1,1,u3pxiuqe,,,,,0
107,q7qd1vb0,63614f71fa75fcbcee84f2ac,0,29,29,Thanks,MyPage,2024-03-20 17:24:55.022980,1,,,150.0,107,,0.0,5,1,1,u3pxiuqe,,,,,0
108,m1upoyz5,632d68dde8d04677f58d963c,0,29,29,Thanks,MyPage,2024-03-20 17:25:15.507348,1,,,150.0,108,,0.0,4,1,1,u3pxiuqe,,,,,0
109,q5ynds05,63c09186d75a9bbd3bec5652,0,29,29,Thanks,MyPage,2024-03-20 17:26:00.925892,1,,,100.0,109,,0.0,5,1,1,u3pxiuqe,,,,,0
110,am6w1lm8,5e34325430e5263f0bebb32d,0,16,29,not_completed,MyPage,2024-03-20 17:27:21.665142,1,,,0.0,110,,0.0,,1,1,u3pxiuqe,,,,,0
111,t069loww,5e8f53644b34ff22d9b3a1c5,0,29,29,Thanks,MyPage,2024-03-20 17:28:36.140366,1,,,100.0,111,,0.0,1,1,1,u3pxiuqe,,,,,0
112,8m9t0hsx,5ef246c6d2b9060809858e7e,0,29,29,Thanks,MyPage,2024-03-20 17:29:04.073585,1,,,100.0,112,,0.0,5,1,1,u3pxiuqe,,,,,0
113,n4vv21zq,55f1d57632af74001217014d,0,16,29,not_completed,MyPage,2024-03-20 17:29:17.295939,1,,,0.0,113,,0.0,,1,1,u3pxiuqe,,,,,0
114,92fmjyyx,,0,0,29,,,,0,,,0.0,114,,0.0,,1,1,u3pxiuqe,,,,,0
115,oafo20mq,,0,0,29,,,,0,,,0.0,115,,0.0,,1,1,u3pxiuqe,,,,,0
116,llujymnh,,0,0,29,,,,0,,,0.0,116,,0.0,,1,1,u3pxiuqe,,,,,0
117,1ezkmars,,0,0,29,,,,0,,,0.0,117,,0.0,,1,1,u3pxiuqe,,,,,0
118,4cq8u76j,,0,0,29,,,,0,,,0.0,118,,0.0,,1,1,u3pxiuqe,,,,,0
119,qadnd9wd,,0,0,29,,,,0,,,0.0,119,,0.0,,1,1,u3pxiuqe,,,,,0
120,4gw74zrc,,0,0,29,,,,0,,,0.0,120,,0.0,,1,1,u3pxiuqe,,,,,0
121,wodt6ic5,,0,0,29,,,,0,,,0.0,121,,0.0,,1,1,u3pxiuqe,,,,,0
122,pz7zigei,,0,0,29,,,,0,,,0.0,122,,0.0,,1,1,u3pxiuqe,,,,,0
123,b79gabm6,,0,0,29,,,,0,,,0.0,123,,0.0,,1,1,u3pxiuqe,,,,,0
124,vzaeng1g,,0,0,29,,,,0,,,0.0,124,,0.0,,1,1,u3pxiuqe,,,,,0
125,knol1uwg,,0,0,29,,,,0,,,0.0,125,,0.0,,1,1,u3pxiuqe,,,,,0
126,ydizepxk,,0,0,29,,,,0,,,0.0,126,,0.0,,1,1,u3pxiuqe,,,,,0
127,51g13jif,,0,0,29,,,,0,,,0.0,127,,0.0,,1,1,u3pxiuqe,,,,,0
128,9l2ytqkn,,0,0,29,,,,0,,,0.0,128,,0.0,,1,1,u3pxiuqe,,,,,0
129,re4mwwg2,,0,0,29,,,,0,,,0.0,129,,0.0,,1,1,u3pxiuqe,,,,,0
130,vghr42uu,,0,0,29,,,,0,,,0.0,130,,0.0,,1,1,u3pxiuqe,,,,,0
1,26lx2kju,63c515f70542e2ff1937031b,0,1,29,Consent_general,ConsentPage,2024-03-20 18:37:19.535010,1,,,0.0,1,,0.0,,1,1,9e1it1rv,,,,,0
2,v6jovyn4,5c1053202b16ba0001c86317,0,29,29,Thanks,MyPage,2024-03-20 18:47:53.275575,1,,,100.0,2,,0.0,2,1,1,9e1it1rv,,,,,0
3,i29me3e9,631916ad7afacf6bf7b9a0f6,0,29,29,Thanks,MyPage,2024-03-20 18:48:08.603465,1,,,100.0,3,,0.0,4,1,1,9e1it1rv,,,,,0
4,eokt6ce4,5f285dc5b09b3715fa20a14c,0,29,29,Thanks,MyPage,2024-03-20 18:50:19.016370,1,,,150.0,4,,0.0,2,1,1,9e1it1rv,,,,,0
5,pghips10,65465ac216a26bebcc8d8b02,0,29,29,Thanks,MyPage,2024-03-20 18:50:31.991638,1,,,150.0,5,,0.0,2,1,1,9e1it1rv,,,,,0
6,us5m7ikf,5fb2cbcafa4c009546a700e2,0,29,29,Thanks,MyPage,2024-03-20 18:50:47.392076,1,,,100.0,6,,0.0,3,1,1,9e1it1rv,,,,,0
7,jedmwcoq,5aa485b11eda41000136c94b,0,29,29,Thanks,MyPage,2024-03-20 18:51:15.313970,1,,,150.0,7,,0.0,2,1,1,9e1it1rv,,,,,0
8,2fv8mbej,643bf6338ab6927af28b0b88,0,29,29,Thanks,MyPage,2024-03-20 18:51:59.614072,1,,,100.0,8,,0.0,3,1,1,9e1it1rv,,,,,0
9,kw1nbzyc,657f6c3a70bee71477c10e90,0,29,29,Thanks,MyPage,2024-03-20 18:52:00.680930,1,,,150.0,9,,0.0,2,1,1,9e1it1rv,,,,,0
10,5k817nat,5d338bb02381b7001761694e,0,29,29,Thanks,MyPage,2024-03-20 18:52:03.534596,1,,,150.0,10,,0.0,4,1,1,9e1it1rv,,,,,0
11,wd0unwei,64a2f68799cfe91aa4f9da77,0,29,29,Thanks,MyPage,2024-03-20 18:52:09.189577,1,,,150.0,11,,0.0,2,1,1,9e1it1rv,,,,,0
12,1w2iz9s3,5ef0fa1b7d17e30b4204723f,0,29,29,Thanks,MyPage,2024-03-20 18:52:13.440141,1,,,100.0,12,,0.0,1,1,1,9e1it1rv,,,,,0
13,t4lmlcf4,65e257541a1445e571e8525f,0,29,29,Thanks,MyPage,2024-03-20 18:52:13.572900,1,,,100.0,13,,0.0,2,1,1,9e1it1rv,,,,,0
14,pnhitz8x,6331b9456956d880a1e4632f,0,29,29,Thanks,MyPage,2024-03-20 18:52:14.006571,1,,,150.0,14,,0.0,2,1,1,9e1it1rv,,,,,0
15,vpzmld5k,5cef6401cd01760016535b53,0,29,29,Thanks,MyPage,2024-03-20 18:52:14.054596,1,,,100.0,15,,0.0,2,1,1,9e1it1rv,,,,,0
16,zdv9u8cw,13g007731E6095z759q9566Z,0,1,29,Consent_general,ConsentPage,2024-03-20 18:52:15.779010,1,,,0.0,16,,0.0,,1,1,9e1it1rv,,,,,0
17,ltprs2en,6352c60b4a9850783773f265,0,29,29,Thanks,MyPage,2024-03-20 18:52:15.716937,1,,,100.0,17,,0.0,2,1,1,9e1it1rv,,,,,0
18,n3ryk5vq,654281dc418a3f4f38c24932,0,29,29,Thanks,MyPage,2024-03-20 18:52:16.414215,1,,,100.0,18,,0.0,4,1,1,9e1it1rv,,,,,0
19,zuj0vige,61005a9bfd2f14f18ef7ec7d,0,29,29,Thanks,MyPage,2024-03-20 18:52:18.555484,1,,,150.0,19,,0.0,4,1,1,9e1it1rv,,,,,0
20,k5eu7783,1380O77Z1E6095975969n667,0,1,29,Consent_general,ConsentPage,2024-03-20 18:52:19.883281,1,,,0.0,20,,0.0,,1,1,9e1it1rv,,,,,0
21,kcrwnso5,623a4d7294028cfe9638272f,0,29,29,Thanks,MyPage,2024-03-20 18:52:20.127259,1,,,150.0,21,,0.0,4,1,1,9e1it1rv,,,,,0
22,xgboqtj7,5a286558564bdf00016463fc,0,29,29,Thanks,MyPage,2024-03-20 18:52:22.558528,1,,,100.0,22,,0.0,1,1,1,9e1it1rv,,,,,0
23,5ddgdbdt,5ace650a436f550001004f87,0,29,29,Thanks,MyPage,2024-03-20 18:52:25.280621,1,,,100.0,23,,0.0,1,1,1,9e1it1rv,,,,,0
24,chwtylxy,60d9e7e76cf2ab6d21eb5f99,0,29,29,Thanks,MyPage,2024-03-20 18:52:25.612489,1,,,100.0,24,,0.0,2,1,1,9e1it1rv,,,,,0
25,ffb41ixu,5df861926aab7c5f659dfd85,0,29,29,Thanks,MyPage,2024-03-20 18:52:28.547106,1,,,150.0,25,,0.0,4,1,1,9e1it1rv,,,,,0
26,7ydq1n1a,5c1c2c51e2d9150001b5737e,0,1,29,Consent_general,ConsentPage,2024-03-20 18:52:30.278646,1,,,0.0,26,,0.0,,1,1,9e1it1rv,,,,,0
27,qncb5dyc,6090578fb2299eacaec32b7a,0,29,29,Thanks,MyPage,2024-03-20 18:52:31.966685,1,,,150.0,27,,0.0,4,1,1,9e1it1rv,,,,,0
28,855ovjpe,65e14ceb873675f5079a6874,0,29,29,Thanks,MyPage,2024-03-20 18:52:32.724456,1,,,100.0,28,,0.0,2,1,1,9e1it1rv,,,,,0
29,xin7c0w5,615bb35e52d50aa9a2ae6747,0,29,29,Thanks,MyPage,2024-03-20 18:52:33.318565,1,,,100.0,29,,0.0,1,1,1,9e1it1rv,,,,,0
30,boht9pe1,5af1c4dfaec2b600010a96c9,0,29,29,Thanks,MyPage,2024-03-20 18:52:33.562421,1,,,100.0,30,,0.0,2,1,1,9e1it1rv,,,,,0
31,w2fbqc06,59296fb2e8a7ff000163f033,0,29,29,Thanks,MyPage,2024-03-20 18:52:34.736302,1,,,100.0,31,,0.0,4,1,1,9e1it1rv,,,,,0
32,5xin02g9,5b8be53fb56a0a00018dc32d,0,29,29,Thanks,MyPage,2024-03-20 18:52:35.390232,1,,,150.0,32,,0.0,4,1,1,9e1it1rv,,,,,0
33,yp55ll10,63868eb7abcf3f247da6f52b,0,29,29,Thanks,MyPage,2024-03-20 18:52:35.450920,1,,,150.0,33,,0.0,5,1,1,9e1it1rv,,,,,0
34,xij31fhi,5d4b265b72db9d0015e8aac6,0,29,29,Thanks,MyPage,2024-03-20 18:52:37.088324,1,,,100.0,34,,0.0,2,1,1,9e1it1rv,,,,,0
35,lxg33cti,6526f601bedbae17738408b1,0,29,29,Thanks,MyPage,2024-03-20 18:52:37.558396,1,,,150.0,35,,0.0,4,1,1,9e1it1rv,,,,,0
36,iw3a2kbl,62a96f8f6ab7e0c3ce90095f,0,29,29,Thanks,MyPage,2024-03-20 18:52:39.570893,1,,,100.0,36,,0.0,4,1,1,9e1it1rv,,,,,0
37,c1maxsjr,5c4ea7c3889752000156ddc5,0,29,29,Thanks,MyPage,2024-03-20 18:52:41.721520,1,,,150.0,37,,0.0,2,1,1,9e1it1rv,,,,,0
38,ddv51232,63fb4b7f05faed13656528f0,0,29,29,Thanks,MyPage,2024-03-20 18:52:41.965110,1,,,150.0,38,,0.0,2,1,1,9e1it1rv,,,,,0
39,8i74niv0,611eb5db46ee495d60b16aae,0,29,29,Thanks,MyPage,2024-03-20 18:52:44.752095,1,,,150.0,39,,0.0,4,1,1,9e1it1rv,,,,,0
40,3dw51jr6,65f0c8a73a26740edd1043ce,0,29,29,Thanks,MyPage,2024-03-20 18:52:45.961495,1,,,150.0,40,,0.0,3,1,1,9e1it1rv,,,,,0
41,6rzk55bv,65e9395578c44519f3ea1e10,0,29,29,Thanks,MyPage,2024-03-20 18:52:46.082019,1,,,100.0,41,,0.0,3,1,1,9e1it1rv,,,,,0
42,xh56f5bb,60455511710c89680924f7ac,0,29,29,Thanks,MyPage,2024-03-20 18:52:47.124076,1,,,150.0,42,,0.0,2,1,1,9e1it1rv,,,,,0
43,t66rf6sh,60ff4d7f4bac33372bd8adb5,0,29,29,Thanks,MyPage,2024-03-20 18:52:51.565607,1,,,100.0,43,,0.0,1,1,1,9e1it1rv,,,,,0
44,2dxq5j0e,65eeceee847314e8232923c9,0,29,29,Thanks,MyPage,2024-03-20 18:52:52.518706,1,,,100.0,44,,0.0,1,1,1,9e1it1rv,,,,,0
45,hg2c1r40,6411493f08fd400dc0d5eacc,0,29,29,Thanks,MyPage,2024-03-20 18:52:56.319293,1,,,100.0,45,,0.0,4,1,1,9e1it1rv,,,,,0
46,kpt0142j,63ea751b7686e752f5ef78b2,0,29,29,Thanks,MyPage,2024-03-20 18:52:56.300696,1,,,150.0,46,,0.0,5,1,1,9e1it1rv,,,,,0
47,a60j20wx,63378180a7bc5bc3427e8db0,0,29,29,Thanks,MyPage,2024-03-20 18:52:56.293401,1,,,150.0,47,,0.0,4,1,1,9e1it1rv,,,,,0
48,tzghvvst,656e8efb6e6610ae2d831f07,0,29,29,Thanks,MyPage,2024-03-20 18:52:57.526596,1,,,150.0,48,,0.0,1,1,1,9e1it1rv,,,,,0
49,c9pcudi3,5b3e2334cdb4ce0001d93c51,0,29,29,Thanks,MyPage,2024-03-20 18:52:57.551941,1,,,150.0,49,,0.0,2,1,1,9e1it1rv,,,,,0
50,zhep1qhq,5bfd05b88cafac0001836380,0,29,29,Thanks,MyPage,2024-03-20 18:52:59.297146,1,,,150.0,50,,0.0,4,1,1,9e1it1rv,,,,,0
51,t7cvn6we,57ad04adddc11d00015bb1c3,0,6,29,Intro_RT,TestPage,2024-03-20 18:53:03.667232,1,,,0.0,51,,0.0,,1,1,9e1it1rv,,,,,0
52,rzuhzitm,61bb392e40db417c1a138dcb,0,29,29,Thanks,MyPage,2024-03-20 18:53:04.387180,1,,,150.0,52,,0.0,5,1,1,9e1it1rv,,,,,0
53,bmsfzcnf,5d1a13a0ae692800192fa1c2,0,29,29,Thanks,MyPage,2024-03-20 18:53:07.874950,1,,,150.0,53,,0.0,4,1,1,9e1it1rv,,,,,0
54,34e6y00z,5bdbf2d92562330001b8d056,0,29,29,Thanks,MyPage,2024-03-20 18:53:08.105996,1,,,100.0,54,,0.0,3,1,1,9e1it1rv,,,,,0
55,ecf7v3x9,65f0e3c717f275b543199dbc,0,29,29,Thanks,MyPage,2024-03-20 18:53:09.596107,1,,,150.0,55,,0.0,3,1,1,9e1it1rv,,,,,0
56,r38wgszt,62b9c2f1e55fe9f17dfedc5d,0,29,29,Thanks,MyPage,2024-03-20 18:53:10.925481,1,,,150.0,56,,0.0,4,1,1,9e1it1rv,,,,,0
57,53i6o3jk,65ba53111e49e993460b7796,0,6,29,Intro_RT,TestPage,2024-03-20 18:53:11.911459,1,,,0.0,57,,0.0,,1,1,9e1it1rv,,,,,0
58,jir3wnyj,5e2ac2aa0038f21089a533a4,0,29,29,Thanks,MyPage,2024-03-20 18:53:12.176045,1,,,150.0,58,,0.0,2,1,1,9e1it1rv,,,,,0
59,d5ah1d9t,5e07a0898dffa00ff1aaf60f,0,29,29,Thanks,MyPage,2024-03-20 18:53:12.529119,1,,,100.0,59,,0.0,2,1,1,9e1it1rv,,,,,0
60,fltl3fox,650ee274aa4447ac435b7830,0,29,29,Thanks,MyPage,2024-03-20 18:53:13.303266,1,,,100.0,60,,0.0,3,1,1,9e1it1rv,,,,,0
61,nqorwa29,599de70d8a6cc5000128f980,0,29,29,Thanks,MyPage,2024-03-20 18:53:14.618767,1,,,150.0,61,,0.0,3,1,1,9e1it1rv,,,,,0
62,j01wtdjw,65f04f40c4fdb50a60fa96c5,0,29,29,Thanks,MyPage,2024-03-20 18:53:15.202405,1,,,150.0,62,,0.0,2,1,1,9e1it1rv,,,,,0
63,jg91lj2e,5eceed79840590300f53fa51,0,29,29,Thanks,MyPage,2024-03-20 18:53:16.453130,1,,,150.0,63,,0.0,4,1,1,9e1it1rv,,,,,0
64,nk7l3ywe,5f084a7987a3fe028ff65b8a,0,29,29,Thanks,MyPage,2024-03-20 18:53:19.301572,1,,,150.0,64,,0.0,5,1,1,9e1it1rv,,,,,0
65,f57heri0,637058f9e7a26c452d1cc49a,0,29,29,Thanks,MyPage,2024-03-20 18:53:23.739181,1,,,150.0,65,,0.0,4,1,1,9e1it1rv,,,,,0
66,tyticpy1,65e9caf988370d3db1ca1000,0,29,29,Thanks,MyPage,2024-03-20 18:53:25.826590,1,,,150.0,66,,0.0,2,1,1,9e1it1rv,,,,,0
67,mt1ankif,6410ea44b8256023542c9da3,0,6,29,Intro_RT,TestPage,2024-03-20 18:53:37.466515,1,,,0.0,67,,0.0,,1,1,9e1it1rv,,,,,0
68,xo8diduk,56f29effed0cf60006911528,0,29,29,Thanks,MyPage,2024-03-20 18:53:48.442907,1,,,150.0,68,,0.0,2,1,1,9e1it1rv,,,,,0
69,cpzb839m,62cc89cd6b8df82a5bf43aea,0,29,29,Thanks,MyPage,2024-03-20 18:53:51.366309,1,,,100.0,69,,0.0,4,1,1,9e1it1rv,,,,,0
70,y7nd9wi9,5dbe5d44aab19f35c5459b57,0,29,29,Thanks,MyPage,2024-03-20 18:54:01.410448,1,,,150.0,70,,0.0,1,1,1,9e1it1rv,,,,,0
71,v3pxa958,57ab3f8321e5a50001562cd3,0,29,29,Thanks,MyPage,2024-03-20 18:54:02.779812,1,,,100.0,71,,0.0,1,1,1,9e1it1rv,,,,,0
72,906g59dy,63d148b2255821a940922c1a,0,1,29,Consent_general,ConsentPage,2024-03-20 18:56:47.990491,1,,,0.0,72,,0.0,,1,1,9e1it1rv,,,,,0
73,mg3g1r7y,5f2c760dfff10e03206a686b,0,29,29,Thanks,MyPage,2024-03-20 18:57:05.398258,1,,,150.0,73,,0.0,4,1,1,9e1it1rv,,,,,0
74,b5fhl8lo,65ec6e1775ee75820dab11bb,0,16,29,not_completed,MyPage,2024-03-20 18:58:21.625646,1,,,0.0,74,,0.0,,1,1,9e1it1rv,,,,,0
75,cgetft3e,597f662f89542d0001517d78,0,14,29,Play_RT,ResultPage,2024-03-20 19:01:23.428927,1,,,0.0,75,,0.0,,1,1,9e1it1rv,,,,,0
76,jdu5v1wh,65cb58d0b074d6157dc0a15d,0,17,29,kicked_out,MyPage,2024-03-20 19:01:25.189016,1,,,0.0,76,,0.0,,1,1,9e1it1rv,,,,,0
77,w8tgq54t,5fbd371dc57ae80a38ba00c2,0,29,29,Thanks,MyPage,2024-03-20 19:01:27.754096,1,,,150.0,77,,0.0,3,1,1,9e1it1rv,,,,,0
78,tufmtrh9,5d4254db5b2c430001418a3c,0,29,29,Thanks,MyPage,2024-03-20 19:01:29.858297,1,,,150.0,78,,0.0,1,1,1,9e1it1rv,,,,,0
79,ej2m2qhf,6085bb66296b0a411198d8fd,0,29,29,Thanks,MyPage,2024-03-20 19:01:30.294634,1,,,150.0,79,,0.0,1,1,1,9e1it1rv,,,,,0
80,tapnpnym,65e6bb6d663548c538da4fae,0,29,29,Thanks,MyPage,2024-03-20 19:01:32.150170,1,,,150.0,80,,0.0,4,1,1,9e1it1rv,,,,,0
81,otv9lnx9,5ed1adc2906e0810d6ccccbf,0,29,29,Thanks,MyPage,2024-03-20 19:01:31.875753,1,,,150.0,81,,0.0,1,1,1,9e1it1rv,,,,,0
82,8nespsc3,631275e35e145fd8341acb9d,0,14,29,Play_RT,ResultPage,2024-03-20 19:01:33.189170,1,,,0.0,82,,0.0,,1,1,9e1it1rv,,,,,0
83,yv6wi3k9,604bfe99dcaa286218d25fca,0,29,29,Thanks,MyPage,2024-03-20 19:01:33.872068,1,,,150.0,83,,0.0,2,1,1,9e1it1rv,,,,,0
84,hbgr8occ,63d98dcfa03c130e4599a907,0,29,29,Thanks,MyPage,2024-03-20 19:01:34.318620,1,,,150.0,84,,0.0,2,1,1,9e1it1rv,,,,,0
85,oak3y575,65a2bc0d60b1e46f4e1d3cc8,0,29,29,Thanks,MyPage,2024-03-20 19:01:35.080171,1,,,100.0,85,,0.0,5,1,1,9e1it1rv,,,,,0
86,npjht38l,5b9e2f45f07414000105160b,0,4,29,Intro_RT,GameIntroPage,2024-03-20 19:01:37.400958,1,,,0.0,86,,0.0,,1,1,9e1it1rv,,,,,0
87,7942f81y,5d55d562e04e1c0001f5e682,0,16,29,not_completed,MyPage,2024-03-20 19:01:39.082220,1,,,0.0,87,,0.0,,1,1,9e1it1rv,,,,,0
88,0hkhfk4z,64071f8576c48034c00df845,0,29,29,Thanks,MyPage,2024-03-20 19:01:41.262325,1,,,100.0,88,,0.0,2,1,1,9e1it1rv,,,,,0
89,utt1ruzr,5e42fc295135b5000cd20d0b,0,29,29,Thanks,MyPage,2024-03-20 19:01:41.925960,1,,,100.0,89,,0.0,1,1,1,9e1it1rv,,,,,0
90,ki4ht4k7,5f4f9bc1f7598f06b2dc816f,0,29,29,Thanks,MyPage,2024-03-20 19:01:44.829018,1,,,100.0,90,,0.0,4,1,1,9e1it1rv,,,,,0
91,m4j71e4w,6238b95932e705108020765a,0,29,29,Thanks,MyPage,2024-03-20 19:01:46.506358,1,,,100.0,91,,0.0,2,1,1,9e1it1rv,,,,,0
92,u85iu2f2,582bee72b1afc30001af4eb4,0,29,29,Thanks,MyPage,2024-03-20 19:01:46.622858,1,,,150.0,92,,0.0,4,1,1,9e1it1rv,,,,,0
93,98s81qvy,62cd9b920ed1b7c1648818d3,0,29,29,Thanks,MyPage,2024-03-20 19:01:48.062185,1,,,100.0,93,,0.0,4,1,1,9e1it1rv,,,,,0
94,eahz4awa,65980dcc048d02626828cc34,0,29,29,Thanks,MyPage,2024-03-20 19:01:48.176569,1,,,100.0,94,,0.0,4,1,1,9e1it1rv,,,,,0
95,0rs03y8m,65d0c1715cedc698fc6c6ff8,0,29,29,Thanks,MyPage,2024-03-20 19:01:51.444412,1,,,150.0,95,,0.0,5,1,1,9e1it1rv,,,,,0
96,buy1huoj,610008383c0a128712403745,0,29,29,Thanks,MyPage,2024-03-20 19:01:53.547865,1,,,150.0,96,,0.0,5,1,1,9e1it1rv,,,,,0
97,8r6sp0fa,65b929230cff388d15dd5c4c,0,29,29,Thanks,MyPage,2024-03-20 19:01:55.503180,1,,,150.0,97,,0.0,4,1,1,9e1it1rv,,,,,0
98,oknlduwb,5e8a26247ad7526bf85abbff,0,29,29,Thanks,MyPage,2024-03-20 19:02:05.229964,1,,,100.0,98,,0.0,1,1,1,9e1it1rv,,,,,0
99,tefmtnwh,63254db937c17e8e9200fd54,0,29,29,Thanks,MyPage,2024-03-20 19:02:11.068804,1,,,150.0,99,,0.0,5,1,1,9e1it1rv,,,,,0
100,s6j8tl08,64da47d734bd712c3a8289d0,0,29,29,Thanks,MyPage,2024-03-20 19:02:13.551860,1,,,150.0,100,,0.0,4,1,1,9e1it1rv,,,,,0
101,7u6j3noo,65ae879aec62badd8c13cd80,0,29,29,Thanks,MyPage,2024-03-20 19:02:23.333675,1,,,150.0,101,,0.0,4,1,1,9e1it1rv,,,,,0
102,dza626so,645179915e31c1aeb3dc8129,0,29,29,Thanks,MyPage,2024-03-20 19:02:48.948413,1,,,150.0,102,,0.0,4,1,1,9e1it1rv,,,,,0
103,pzsrr54p,62d0880f5ba6d972d1bfc63c,0,29,29,Thanks,MyPage,2024-03-20 19:03:15.050394,1,,,150.0,103,,0.0,1,1,1,9e1it1rv,,,,,0
104,ls11rul4,64294cae8d5cae1b2ed48562,0,29,29,Thanks,MyPage,2024-03-20 19:03:25.660881,1,,,150.0,104,,0.0,1,1,1,9e1it1rv,,,,,0
105,ebwtyl3u,641081a1261eb10752b72497,0,29,29,Thanks,MyPage,2024-03-20 19:03:26.247751,1,,,150.0,105,,0.0,4,1,1,9e1it1rv,,,,,0
106,69xj1238,642cf6a45ed69a008646853f,0,16,29,not_completed,MyPage,2024-03-20 19:06:12.894675,1,,,0.0,106,,0.0,,1,1,9e1it1rv,,,,,0
107,lvr0l2ae,60a48adfe091e410f4eaba34,0,29,29,Thanks,MyPage,2024-03-20 19:06:49.557832,1,,,100.0,107,,0.0,5,1,1,9e1it1rv,,,,,0
108,oofuoubt,65847ecf0896ca006d2c00b7,0,29,29,Thanks,MyPage,2024-03-20 19:09:10.902516,1,,,100.0,108,,0.0,2,1,1,9e1it1rv,,,,,0
109,0bsyzom0,651b2447d93845d4e7996653,0,29,29,Thanks,MyPage,2024-03-20 19:12:38.157636,1,,,100.0,109,,0.0,4,1,1,9e1it1rv,,,,,0
110,xh2w7ie5,,0,0,29,,,,0,,,0.0,110,,0.0,,1,1,9e1it1rv,,,,,0
111,12qntjkg,,0,0,29,,,,0,,,0.0,111,,0.0,,1,1,9e1it1rv,,,,,0
112,uhukaqzv,,0,0,29,,,,0,,,0.0,112,,0.0,,1,1,9e1it1rv,,,,,0
113,7pp7ak20,,0,0,29,,,,0,,,0.0,113,,0.0,,1,1,9e1it1rv,,,,,0
114,sfysws36,,0,0,29,,,,0,,,0.0,114,,0.0,,1,1,9e1it1rv,,,,,0
115,plqbgupc,,0,0,29,,,,0,,,0.0,115,,0.0,,1,1,9e1it1rv,,,,,0
116,rpa0y5lk,,0,0,29,,,,0,,,0.0,116,,0.0,,1,1,9e1it1rv,,,,,0
117,8f21b82f,,0,0,29,,,,0,,,0.0,117,,0.0,,1,1,9e1it1rv,,,,,0
118,w2d2sivm,,0,0,29,,,,0,,,0.0,118,,0.0,,1,1,9e1it1rv,,,,,0
119,7oawoz74,,0,0,29,,,,0,,,0.0,119,,0.0,,1,1,9e1it1rv,,,,,0
120,7b0ox8g8,,0,0,29,,,,0,,,0.0,120,,0.0,,1,1,9e1it1rv,,,,,0
121,6zcupaah,,0,0,29,,,,0,,,0.0,121,,0.0,,1,1,9e1it1rv,,,,,0
122,0l191m76,,0,0,29,,,,0,,,0.0,122,,0.0,,1,1,9e1it1rv,,,,,0
123,0mg18c45,,0,0,29,,,,0,,,0.0,123,,0.0,,1,1,9e1it1rv,,,,,0
124,27myfgwm,,0,0,29,,,,0,,,0.0,124,,0.0,,1,1,9e1it1rv,,,,,0
125,i7d30kl2,,0,0,29,,,,0,,,0.0,125,,0.0,,1,1,9e1it1rv,,,,,0
126,irj0cbi4,,0,0,29,,,,0,,,0.0,126,,0.0,,1,1,9e1it1rv,,,,,0
127,s4z23fx9,,0,0,29,,,,0,,,0.0,127,,0.0,,1,1,9e1it1rv,,,,,0
128,vpl9r929,,0,0,29,,,,0,,,0.0,128,,0.0,,1,1,9e1it1rv,,,,,0
129,21vjx5tk,,0,0,29,,,,0,,,0.0,129,,0.0,,1,1,9e1it1rv,,,,,0
130,vf6w1bca,,0,0,29,,,,0,,,0.0,130,,0.0,,1,1,9e1it1rv,,,,,0
